Sample,CDC
0,1269
1,1269
2,1269
3,1269
4,1270
5,1268
6,1270
7,1270
8,1267
9,1267
10,1270
11,1267
12,1268
13,1265
14,1269
15,1269
16,1268
17,1264
18,1270
19,1270
20,1267
21,1266
22,1267
23,1264
24,1269
25,1269
26,1269
27,1269
28,1268
29,1270
30,1265
31,1270
32,1269
33,1270
34,1270
35,1269
36,1266
37,1266
38,1269
39,1269
40,1266
41,1269
42,1267
43,1269
44,1269
45,1270
46,1270
47,1268
48,1264
49,1265
50,1267
51,1267
52,1265
53,1267
54,1267
55,1268
56,1267
57,1268
58,1269
59,1266
60,1265
61,1265
62,1268
63,1264
64,1269
65,1268
66,1267
67,1268
68,1268
69,1267
70,1269
71,1266
72,1266
73,1262
74,1269
75,1268
76,1269
77,1268
78,1265
79,1269
80,1264
81,1266
82,1265
83,1268
84,1265
85,1266
86,1268
87,1268
88,1267
89,1267
90,1266
91,1268
92,1266
93,1268
94,1266
95,1269
96,1265
97,1264
98,1266
99,1268
100,1266
101,1268
102,1265
103,1268
104,1265
105,1268
106,1269
107,1268
108,1264
109,1264
110,1268
111,1268
112,1265
113,1267
114,1265
115,1268
116,1267
117,1268
118,1263
119,1266
120,1264
121,1265
122,1267
123,1266
124,1265
125,1269
126,1266
127,1268
128,1265
129,1267
130,1267
131,1268
132,1266
133,1264
134,1267
135,1268
136,1268
137,1267
138,1267
139,1267
140,1266
141,1268
142,1268
143,1265
144,1266
145,1267
146,1267
147,1266
148,1268
149,1267
150,1266
151,1265
152,1266
153,1268
154,1269
155,1265
156,1265
157,1262
158,1267
159,1268
160,1268
161,1262
162,1265
163,1268
164,1264
165,1264
166,1267
167,1268
168,1267
169,1262
170,1267
171,1268
172,1265
173,1266
174,1265
175,1265
176,1268
177,1262
178,1268
179,1268
180,1267
181,1265
182,1266
183,1267
184,1263
185,1266
186,1268
187,1264
188,1268
189,1266
190,1268
191,1263
192,1266
193,1264
194,1264
195,1267
196,1265
197,1268
198,1262
199,1265
200,1268
201,1264
202,1268
203,1268
204,1266
205,1263
206,1264
207,1268
208,1262
209,1268
210,1268
211,1267
212,1266
213,1265
214,1267
215,1268
216,1265
217,1267
218,1263
219,1267
220,1261
221,1268
222,1267
223,1266
224,1267
225,1264
226,1268
227,1263
228,1264
229,1267
230,1261
231,1268
232,1262
233,1267
234,1264
235,1264
236,1268
237,1262
238,1268
239,1267
240,1263
241,1267
242,1266
243,1268
244,1267
245,1267
246,1264
247,1264
248,1262
249,1264
250,1268
251,1265
252,1266
253,1267
254,1265
255,1263
256,1264
257,1266
258,1267
259,1264
260,1268
261,1263
262,1268
263,1264
264,1265
265,1268
266,1265
267,1268
268,1261
269,1267
270,1265
271,1266
272,1263
273,1266
274,1268
275,1264
276,1265
277,1267
278,1264
279,1267
280,1264
281,1268
282,1267
283,1266
284,1267
285,1265
286,1265
287,1264
288,1264
289,1266
290,1263
291,1267
292,1265
293,1267
294,1264
295,1266
296,1260
297,1265
298,1266
299,1261
300,1267
301,1265
302,1264
303,1267
304,1267
305,1267
306,1264
307,1266
308,1265
309,1265
310,1267
311,1263
312,1267
313,1267
314,1266
315,1267
316,1265
317,1267
318,1267
319,1265
320,1268
321,1264
322,1266
323,1263
324,1266
325,1261
326,1265
327,1268
328,1264
329,1267
330,1263
331,1267
332,1268
333,1262
334,1267
335,1264
336,1266
337,1264
338,1264
339,1267
340,1264
341,1268
342,1262
343,1267
344,1266
345,1265
346,1267
347,1263
348,1266
349,1266
350,1264
351,1264
352,1266
353,1262
354,1265
355,1264
356,1267
357,1265
358,1265
359,1267
360,1263
361,1266
362,1266
363,1266
364,1261
365,1263
366,1267
367,1263
368,1266
369,1267
370,1264
371,1265
372,1260
373,1266
374,1267
375,1266
376,1266
377,1264
378,1266
379,1264
380,1266
381,1266
382,1264
383,1266
384,1262
385,1268
386,1266
387,1265
388,1264
389,1265
390,1267
391,1263
392,1267
393,1265
394,1266
395,1267
396,1264
397,1266
398,1261
399,1265
400,1266
401,1263
402,1265
403,1262
404,1265
405,1261
406,1266
407,1266
408,1264
409,1263
410,1264
411,1264
412,1266
413,1263
414,1267
415,1262
416,1265
417,1266
418,1266
419,1267
420,1263
421,1264
422,1266
423,1268
424,1261
425,1264
426,1266
427,1266
428,1269
429,1267
430,1267
431,1268
432,1265
433,1267
434,1265
435,1268
436,1266
437,1269
438,1270
439,1267
440,1268
441,1264
442,1270
443,1272
444,1268
445,1274
446,1270
447,1273
448,1268
449,1273
450,1273
451,1270
452,1274
453,1269
454,1274
455,1273
456,1268
457,1273
458,1272
459,1273
460,1270
461,1272
462,1273
463,1270
464,1272
465,1267
466,1273
467,1273
468,1272
469,1273
470,1268
471,1272
472,1271
473,1271
474,1274
475,1269
476,1273
477,1273
478,1274
479,1271
480,1272
481,1274
482,1272
483,1276
484,1273
485,1275
486,1274
487,1271
488,1275
489,1275
490,1277
491,1274
492,1275
493,1276
494,1276
495,1279
496,1274
497,1278
498,1277
499,1279
500,1276
501,1276
502,1282
503,1281
504,1278
505,1278
506,1278
507,1281
508,1277
509,1282
510,1283
511,1279
512,1281
513,1277
514,1284
515,1282
516,1285
517,1287
518,1282
519,1285
520,1286
521,1286
522,1281
523,1286
524,1286
525,1283
526,1290
527,1290
528,1289
529,1290
530,1287
531,1289
532,1291
533,1288
534,1291
535,1295
536,1291
537,1292
538,1294
539,1297
540,1294
541,1298
542,1299
543,1298
544,1302
545,1297
546,1303
547,1299
548,1305
549,1306
550,1303
551,1307
552,1308
553,1304
554,1307
555,1308
556,1312
557,1308
558,1315
559,1314
560,1316
561,1310
562,1313
563,1318
564,1315
565,1317
566,1319
567,1315
568,1321
569,1316
570,1320
571,1319
572,1322
573,1325
574,1322
575,1323
576,1323
577,1327
578,1325
579,1324
580,1326
581,1325
582,1330
583,1330
584,1329
585,1333
586,1330
587,1334
588,1331
589,1336
590,1337
591,1339
592,1337
593,1340
594,1344
595,1343
596,1341
597,1345
598,1340
599,1345
600,1343
601,1347
602,1349
603,1349
604,1350
605,1347
606,1351
607,1346
608,1351
609,1356
610,1353
611,1356
612,1357
613,1360
614,1361
615,1362
616,1361
617,1361
618,1367
619,1367
620,1372
621,1373
622,1372
623,1377
624,1377
625,1380
626,1381
627,1381
628,1385
629,1381
630,1389
631,1386
632,1389
633,1391
634,1391
635,1397
636,1396
637,1402
638,1404
639,1401
640,1408
641,1405
642,1413
643,1418
644,1423
645,1428
646,1425
647,1427
648,1427
649,1432
650,1428
651,1436
652,1438
653,1440
654,1443
655,1443
656,1444
657,1447
658,1446
659,1450
660,1448
661,1456
662,1460
663,1461
664,1465
665,1463
666,1465
667,1467
668,1466
669,1470
670,1466
671,1472
672,1475
673,1479
674,1475
675,1479
676,1482
677,1479
678,1486
679,1483
680,1492
681,1494
682,1491
683,1500
684,1502
685,1506
686,1508
687,1508
688,1511
689,1509
690,1518
691,1519
692,1530
693,1532
694,1529
695,1534
696,1535
697,1537
698,1535
699,1541
700,1549
701,1552
702,1559
703,1559
704,1558
705,1561
706,1554
707,1559
708,1556
709,1557
710,1568
711,1577
712,1579
713,1585
714,1577
715,1584
716,1579
717,1585
718,1585
719,1586
720,1585
721,1588
722,1593
723,1587
724,1597
725,1596
726,1594
727,1600
728,1604
729,1605
730,1606
731,1602
732,1602
733,1603
734,1614
735,1615
736,1614
737,1615
738,1616
739,1617
740,1617
741,1618
742,1622
743,1618
744,1623
745,1618
746,1624
747,1627
748,1627
749,1629
750,1627
751,1630
752,1624
753,1634
754,1638
755,1631
756,1637
757,1636
758,1636
759,1638
760,1636
761,1638
762,1639
763,1645
764,1639
765,1646
766,1646
767,1645
768,1643
769,1644
770,1651
771,1654
772,1652
773,1654
774,1652
775,1656
776,1650
777,1656
778,1660
779,1662
780,1659
781,1664
782,1669
783,1664
784,1663
785,1669
786,1667
787,1673
788,1669
789,1674
790,1678
791,1679
792,1685
793,1681
794,1689
795,1688
796,1691
797,1692
798,1699
799,1704
800,1711
801,1716
802,1724
803,1725
804,1730
805,1726
806,1731
807,1726
808,1732
809,1733
810,1734
811,1737
812,1734
813,1737
814,1738
815,1734
816,1738
817,1735
818,1741
819,1743
820,1744
821,1746
822,1743
823,1743
824,1743
825,1752
826,1751
827,1757
828,1758
829,1753
830,1759
831,1753
832,1760
833,1761
834,1759
835,1763
836,1757
837,1766
838,1764
839,1772
840,1772
841,1770
842,1775
843,1776
844,1776
845,1779
846,1774
847,1779
848,1775
849,1778
850,1777
851,1783
852,1793
853,1790
854,1796
855,1790
856,1795
857,1789
858,1786
859,1792
860,1791
861,1795
862,1798
863,1798
864,1808
865,1805
866,1810
867,1806
868,1808
869,1808
870,1806
871,1806
872,1803
873,1808
874,1807
875,1806
876,1805
877,1801
878,1808
879,1808
880,1802
881,1807
882,1801
883,1807
884,1806
885,1803
886,1807
887,1802
888,1804
889,1802
890,1803
891,1806
892,1803
893,1808
894,1807
895,1806
896,1806
897,1803
898,1807
899,1805
900,1808
901,1802
902,1804
903,1806
904,1802
905,1806
906,1806
907,1800
908,1804
909,1803
910,1810
911,1809
912,1812
913,1813
914,1808
915,1814
916,1809
917,1814
918,1813
919,1810
920,1815
921,1807
922,1815
923,1816
924,1815
925,1815
926,1811
927,1814
928,1806
929,1813
930,1812
931,1813
932,1811
933,1812
934,1812
935,1809
936,1807
937,1812
938,1807
939,1810
940,1803
941,1808
942,1802
943,1809
944,1808
945,1804
946,1808
947,1803
948,1801
949,1800
950,1797
951,1801
952,1798
953,1800
954,1797
955,1800
956,1800
957,1795
958,1797
959,1790
960,1794
961,1795
962,1797
963,1794
964,1790
965,1794
966,1791
967,1786
968,1785
969,1777
970,1777
971,1779
972,1782
973,1777
974,1781
975,1781
976,1777
977,1779
978,1780
979,1777
980,1779
981,1774
982,1780
983,1775
984,1778
985,1776
986,1777
987,1778
988,1773
989,1777
990,1770
991,1777
992,1777
993,1768
994,1778
995,1772
996,1774
997,1774
998,1773
999,1774
1000,1768
1001,1773
1002,1769
1003,1776
1004,1776
1005,1775
1006,1774
1007,1767
1008,1773
1009,1769
1010,1768
1011,1774
1012,1764
1013,1771
1014,1765
1015,1770
1016,1771
1017,1767
1018,1767
1019,1764
1020,1769
1021,1762
1022,1769
1023,1762
1024,1764
1025,1767
1026,1762
1027,1766
1028,1766
1029,1764
1030,1766
1031,1760
1032,1767
1033,1763
1034,1766
1035,1764
1036,1764
1037,1767
1038,1760
1039,1764
1040,1766
1041,1763
1042,1765
1043,1766
1044,1767
1045,1762
1046,1765
1047,1762
1048,1762
1049,1765
1050,1762
1051,1768
1052,1764
1053,1767
1054,1766
1055,1766
1056,1762
1057,1767
1058,1760
1059,1765
1060,1766
1061,1764
1062,1768
1063,1762
1064,1766
1065,1766
1066,1766
1067,1767
1068,1763
1069,1767
1070,1775
1071,1775
1072,1777
1073,1773
1074,1776
1075,1770
1076,1776
1077,1775
1078,1776
1079,1777
1080,1773
1081,1776
1082,1770
1083,1778
1084,1776
1085,1771
1086,1776
1087,1774
1088,1775
1089,1775
1090,1775
1091,1774
1092,1774
1093,1775
1094,1767
1095,1775
1096,1774
1097,1775
1098,1775
1099,1769
1100,1776
1101,1775
1102,1773
1103,1774
1104,1769
1105,1774
1106,1768
1107,1775
1108,1768
1109,1773
1110,1774
1111,1771
1112,1773
1113,1766
1114,1770
1115,1772
1116,1767
1117,1773
1118,1768
1119,1774
1120,1773
1121,1772
1122,1774
1123,1769
1124,1773
1125,1768
1126,1774
1127,1767
1128,1772
1129,1772
1130,1769
1131,1772
1132,1771
1133,1770
1134,1772
1135,1764
1136,1773
1137,1770
1138,1772
1139,1771
1140,1771
1141,1771
1142,1766
1143,1773
1144,1771
1145,1771
1146,1773
1147,1766
1148,1774
1149,1773
1150,1773
1151,1774
1152,1771
1153,1773
1154,1768
1155,1774
1156,1768
1157,1773
1158,1772
1159,1769
1160,1772
1161,1767
1162,1771
1163,1774
1164,1769
1165,1773
1166,1766
1167,1773
1168,1764
1169,1772
1170,1772
1171,1770
1172,1774
1173,1773
1174,1770
1175,1772
1176,1766
1177,1772
1178,1768
1179,1771
1180,1764
1181,1771
1182,1772
1183,1767
1184,1771
1185,1767
1186,1771
1187,1770
1188,1764
1189,1772
1190,1768
1191,1770
1192,1770
1193,1768
1194,1771
1195,1767
1196,1771
1197,1763
1198,1772
1199,1771
1200,1771
1201,1766
1202,1767
1203,1770
1204,1770
1205,1769
1206,1771
1207,1764
1208,1770
1209,1769
1210,1771
1211,1771
1212,1769
1213,1764
1214,1768
1215,1771
1216,1771
1217,1767
1218,1770
1219,1762
1220,1771
1221,1771
1222,1769
1223,1770
1224,1769
1225,1771
1226,1768
1227,1772
1228,1770
1229,1772
1230,1768
1231,1768
1232,1764
1233,1771
1234,1764
1235,1771
1236,1771
1237,1768
1238,1771
1239,1766
1240,1773
1241,1770
1242,1772
1243,1771
1244,1769
1245,1771
1246,1766
1247,1770
1248,1772
1249,1767
1250,1771
1251,1768
1252,1772
1253,1768
1254,1771
1255,1771
1256,1768
1257,1771
1258,1768
1259,1772
1260,1765
1261,1770
1262,1772
1263,1769
1264,1771
1265,1772
1266,1771
1267,1766
1268,1767
1269,1772
1270,1769
1271,1773
1272,1768
1273,1769
1274,1772
1275,1769
1276,1772
1277,1770
1278,1769
1279,1771
1280,1767
1281,1773
1282,1769
1283,1773
1284,1771
1285,1769
1286,1768
1287,1768
1288,1774
1289,1767
1290,1775
1291,1775
1292,1767
1293,1771
1294,1767
1295,1771
1296,1768
1297,1767
1298,1771
1299,1765
1300,1768
1301,1765
1302,1768
1303,1766
1304,1766
1305,1759
1306,1769
1307,1769
1308,1763
1309,1765
1310,1767
1311,1763
1312,1768
1313,1764
1314,1767
1315,1766
1316,1765
1317,1765
1318,1760
1319,1762
1320,1759
1321,1764
1322,1768
1323,1761
1324,1765
1325,1758
1326,1762
1327,1759
1328,1756
1329,1756
1330,1751
1331,1755
1332,1750
1333,1754
1334,1750
1335,1745
1336,1749
1337,1747
1338,1749
1339,1748
1340,1745
1341,1748
1342,1741
1343,1747
1344,1747
1345,1744
1346,1744
1347,1740
1348,1743
1349,1736
1350,1740
1351,1743
1352,1736
1353,1740
1354,1732
1355,1739
1356,1740
1357,1738
1358,1737
1359,1732
1360,1739
1361,1731
1362,1738
1363,1736
1364,1738
1365,1735
1366,1729
1367,1734
1368,1733
1369,1732
1370,1733
1371,1728
1372,1734
1373,1730
1374,1733
1375,1729
1376,1731
1377,1730
1378,1726
1379,1730
1380,1730
1381,1725
1382,1728
1383,1724
1384,1727
1385,1726
1386,1727
1387,1727
1388,1727
1389,1727
1390,1721
1391,1724
1392,1727
1393,1727
1394,1727
1395,1722
1396,1726
1397,1722
1398,1726
1399,1724
1400,1725
1401,1725
1402,1721
1403,1726
1404,1723
1405,1724
1406,1726
1407,1726
1408,1720
1409,1727
1410,1723
1411,1724
1412,1727
1413,1723
1414,1727
1415,1724
1416,1728
1417,1723
1418,1728
1419,1729
1420,1726
1421,1727
1422,1725
1423,1727
1424,1727
1425,1723
1426,1729
1427,1720
1428,1726
1429,1724
1430,1727
1431,1724
1432,1723
1433,1728
1434,1720
1435,1726
1436,1721
1437,1726
1438,1726
1439,1719
1440,1725
1441,1721
1442,1724
1443,1718
1444,1719
1445,1722
1446,1719
1447,1720
1448,1715
1449,1723
1450,1722
1451,1723
1452,1725
1453,1722
1454,1725
1455,1724
1456,1721
1457,1727
1458,1720
1459,1726
1460,1723
1461,1723
1462,1721
1463,1718
1464,1720
1465,1712
1466,1719
1467,1714
1468,1714
1469,1705
1470,1701
1471,1712
1472,1714
1473,1711
1474,1710
1475,1694
1476,1697
1477,1691
1478,1687
1479,1683
1480,1682
1481,1683
1482,1678
1483,1676
1484,1668
1485,1657
1486,1655
1487,1645
1488,1648
1489,1640
1490,1643
1491,1638
1492,1633
1493,1630
1494,1624
1495,1627
1496,1615
1497,1614
1498,1605
1499,1595
1500,1599
1501,1597
1502,1594
1503,1588
1504,1583
1505,1584
1506,1576
1507,1577
1508,1564
1509,1566
1510,1560
1511,1557
1512,1555
1513,1554
1514,1550
1515,1546
1516,1542
1517,1541
1518,1534
1519,1543
1520,1538
1521,1540
1522,1538
1523,1534
1524,1535
1525,1527
1526,1528
1527,1524
1528,1516
1529,1519
1530,1510
1531,1512
1532,1511
1533,1509
1534,1507
1535,1504
1536,1502
1537,1495
1538,1496
1539,1494
1540,1494
1541,1492
1542,1486
1543,1489
1544,1486
1545,1485
1546,1483
1547,1479
1548,1480
1549,1475
1550,1475
1551,1470
1552,1472
1553,1470
1554,1464
1555,1463
1556,1460
1557,1458
1558,1459
1559,1453
1560,1455
1561,1449
1562,1448
1563,1445
1564,1442
1565,1437
1566,1434
1567,1435
1568,1430
1569,1429
1570,1429
1571,1424
1572,1421
1573,1418
1574,1416
1575,1411
1576,1409
1577,1408
1578,1403
1579,1405
1580,1403
1581,1404
1582,1400
1583,1400
1584,1399
1585,1399
1586,1392
1587,1388
1588,1392
1589,1387
1590,1389
1591,1385
1592,1388
1593,1379
1594,1384
1595,1383
1596,1381
1597,1382
1598,1378
1599,1377
1600,1373
1601,1379
1602,1379
1603,1373
1604,1377
1605,1374
1606,1377
1607,1369
1608,1372
1609,1375
1610,1370
1611,1371
1612,1367
1613,1373
1614,1372
1615,1370
1616,1371
1617,1366
1618,1368
1619,1362
1620,1366
1621,1367
1622,1360
1623,1365
1624,1364
1625,1363
1626,1363
1627,1359
1628,1358
1629,1355
1630,1361
1631,1358
1632,1354
1633,1357
1634,1352
1635,1355
1636,1353
1637,1351
1638,1350
1639,1347
1640,1348
1641,1342
1642,1344
1643,1345
1644,1346
1645,1346
1646,1344
1647,1344
1648,1342
1649,1342
1650,1339
1651,1336
1652,1339
1653,1335
1654,1339
1655,1338
1656,1337
1657,1332
1658,1333
1659,1334
1660,1328
1661,1332
1662,1331
1663,1325
1664,1331
1665,1326
1666,1329
1667,1329
1668,1327
1669,1325
1670,1323
1671,1326
1672,1320
1673,1325
1674,1325
1675,1324
1676,1325
1677,1322
1678,1323
1679,1321
1680,1320
1681,1322
1682,1318
1683,1315
1684,1320
1685,1321
1686,1315
1687,1320
1688,1318
1689,1317
1690,1318
1691,1313
1692,1315
1693,1319
1694,1316
1695,1318
1696,1316
1697,1318
1698,1318
1699,1316
1700,1311
1701,1312
1702,1316
1703,1313
1704,1316
1705,1313
1706,1312
1707,1315
1708,1311
1709,1315
1710,1315
1711,1311
1712,1312
1713,1308
1714,1308
1715,1314
1716,1312
1717,1308
1718,1309
1719,1310
1720,1311
1721,1310
1722,1305
1723,1306
1724,1309
1725,1304
1726,1311
1727,1307
1728,1310
1729,1310
1730,1308
1731,1310
1732,1305
1733,1309
1734,1303
1735,1306
1736,1310
1737,1306
1738,1309
1739,1310
1740,1309
1741,1310
1742,1308
1743,1310
1744,1303
1745,1311
1746,1307
1747,1309
1748,1309
1749,1307
1750,1309
1751,1309
1752,1307
1753,1303
1754,1305
1755,1308
1756,1306
1757,1307
1758,1306
1759,1306
1760,1308
1761,1303
1762,1305
1763,1307
1764,1303
1765,1308
1766,1304
1767,1302
1768,1306
1769,1306
1770,1307
1771,1302
1772,1306
1773,1307
1774,1303
1775,1308
1776,1303
1777,1307
1778,1305
1779,1307
1780,1307
1781,1301
1782,1301
1783,1306
1784,1304
1785,1305
1786,1301
1787,1306
1788,1301
1789,1302
1790,1306
1791,1305
1792,1307
1793,1302
1794,1305
1795,1302
1796,1303
1797,1306
1798,1303
1799,1306
1800,1302
1801,1305
1802,1303
1803,1304
1804,1305
1805,1303
1806,1306
1807,1302
1808,1306
1809,1306
1810,1305
1811,1304
1812,1304
1813,1305
1814,1303
1815,1303
1816,1305
1817,1301
1818,1306
1819,1304
1820,1306
1821,1306
1822,1303
1823,1306
1824,1301
1825,1305
1826,1305
1827,1301
1828,1305
1829,1304
1830,1305
1831,1305
1832,1305
1833,1300
1834,1301
1835,1305
1836,1299
1837,1305
1838,1302
1839,1305
1840,1305
1841,1303
1842,1304
1843,1305
1844,1304
1845,1300
1846,1302
1847,1304
1848,1300
1849,1305
1850,1298
1851,1303
1852,1305
1853,1301
1854,1304
1855,1301
1856,1304
1857,1302
1858,1301
1859,1304
1860,1298
1861,1304
1862,1303
1863,1302
1864,1304
1865,1301
1866,1304
1867,1299
1868,1304
1869,1303
1870,1305
1871,1297
1872,1303
1873,1304
1874,1301
1875,1301
1876,1303
1877,1300
1878,1304
1879,1302
1880,1303
1881,1298
1882,1303
1883,1303
1884,1300
1885,1304
1886,1301
1887,1300
1888,1303
1889,1299
1890,1303
1891,1300
1892,1303
1893,1299
1894,1301
1895,1300
1896,1298
1897,1304
1898,1298
1899,1304
1900,1301
1901,1304
1902,1304
1903,1301
1904,1303
1905,1304
1906,1301
1907,1305
1908,1300
1909,1304
1910,1303
1911,1300
1912,1303
1913,1301
1914,1304
1915,1301
1916,1303
1917,1298
1918,1300
1919,1303
1920,1298
1921,1303
1922,1303
1923,1300
1924,1303
1925,1301
1926,1303
1927,1298
1928,1302
1929,1302
1930,1304
1931,1303
1932,1302
1933,1303
1934,1300
1935,1300
1936,1302
1937,1304
1938,1302
1939,1303
1940,1300
1941,1302
1942,1298
1943,1303
1944,1303
1945,1300
1946,1303
1947,1301
1948,1301
1949,1302
1950,1298
1951,1301
1952,1301
1953,1302
1954,1298
1955,1303
1956,1303
1957,1300
1958,1296
1959,1299
1960,1297
1961,1302
1962,1303
1963,1302
1964,1301
1965,1302
1966,1303
1967,1301
1968,1302
1969,1298
1970,1301
1971,1299
1972,1302
1973,1301
1974,1302
1975,1302
1976,1299
1977,1302
1978,1295
1979,1300
1980,1302
1981,1299
1982,1302
1983,1297
1984,1300
1985,1296
1986,1299
1987,1302
1988,1299
1989,1303
1990,1299
1991,1302
1992,1297
1993,1302
1994,1301
1995,1296
1996,1302
1997,1302
1998,1300
1999,1302
2000,1298
2001,1303
2002,1297
2003,1302
2004,1301
2005,1302
2006,1301
2007,1300
2008,1299
2009,1296
2010,1298
2011,1301
2012,1296
2013,1301
2014,1300
2015,1302
2016,1300
2017,1299
2018,1302
2019,1298
2020,1300
2021,1301
2022,1301
2023,1301
2024,1294
2025,1295
2026,1295
2027,1300
2028,1302
2029,1299
2030,1297
2031,1298
2032,1302
2033,1297
2034,1301
2035,1301
2036,1300
2037,1300
2038,1298
2039,1301
2040,1299
2041,1298
2042,1303
2043,1299
2044,1302
2045,1298
2046,1300
2047,1301
2048,1298
2049,1301
2050,1295
2051,1298
2052,1300
2053,1302
2054,1301
2055,1299
2056,1300
2057,1296
2058,1300
2059,1300
2060,1297
2061,1301
2062,1298
2063,1301
2064,1301
2065,1300
2066,1298
2067,1297
2068,1300
2069,1298
2070,1299
2071,1301
2072,1296
2073,1294
2074,1299
2075,1300
2076,1298
2077,1300
2078,1298
2079,1297
2080,1296
2081,1294
2082,1300
2083,1300
2084,1300
2085,1299
2086,1294
2087,1300
2088,1294
2089,1298
2090,1298
2091,1296
2092,1298
2093,1293
2094,1299
2095,1298
2096,1298
2097,1298
2098,1297
2099,1300
2100,1294
2101,1296
2102,1298
2103,1295
2104,1299
2105,1296
2106,1300
2107,1299
2108,1297
2109,1300
2110,1296
2111,1296
2112,1299
2113,1297
2114,1300
2115,1294
2116,1293
2117,1300
2118,1299
2119,1300
2120,1294
2121,1296
2122,1300
2123,1297
2124,1298
2125,1294
2126,1298
2127,1299
2128,1298
2129,1298
2130,1296
2131,1298
2132,1299
2133,1296
2134,1299
2135,1294
2136,1300
2137,1293
2138,1298
2139,1299
2140,1297
2141,1298
2142,1298
2143,1300
2144,1295
2145,1299
2146,1298
2147,1297
2148,1299
2149,1297
2150,1299
2151,1300
2152,1296
2153,1298
2154,1293
2155,1300
2156,1299
2157,1298
2158,1299
2159,1296
2160,1299
2161,1295
2162,1297
2163,1299
2164,1295
2165,1297
2166,1297
2167,1299
2168,1297
2169,1298
2170,1297
2171,1296
2172,1298
2173,1293
2174,1298
2175,1297
2176,1298
2177,1299
2178,1293
2179,1292
2180,1298
2181,1298
2182,1298
2183,1295
2184,1292
2185,1296
2186,1298
2187,1295
2188,1298
2189,1297
2190,1295
2191,1298
2192,1292
2193,1295
2194,1298
2195,1296
2196,1298
2197,1297
2198,1297
2199,1294
2200,1297
2201,1294
2202,1295
2203,1298
2204,1292
2205,1298
2206,1298
2207,1292
2208,1298
2209,1295
2210,1299
2211,1299
2212,1296
2213,1297
2214,1295
2215,1298
2216,1293
2217,1298
2218,1297
2219,1298
2220,1298
2221,1297
2222,1298
2223,1298
2224,1294
2225,1297
2226,1295
2227,1297
2228,1293
2229,1297
2230,1298
2231,1295
2232,1297
2233,1295
2234,1298
2235,1295
2236,1297
2237,1297
2238,1294
2239,1298
2240,1293
2241,1297
2242,1297
2243,1294
2244,1298
2245,1295
2246,1297
2247,1295
2248,1296
2249,1297
2250,1297
2251,1297
2252,1292
2253,1295
2254,1296
2255,1294
2256,1298
2257,1293
2258,1297
2259,1294
2260,1296
2261,1297
2262,1294
2263,1297
2264,1293
2265,1297
2266,1291
2267,1294
2268,1297
2269,1295
2270,1295
2271,1295
2272,1296
2273,1294
2274,1293
2275,1297
2276,1291
2277,1298
2278,1294
2279,1296
2280,1297
2281,1297
2282,1296
2283,1296
2284,1295
2285,1297
2286,1294
2287,1294
2288,1297
2289,1291
2290,1293
2291,1296
2292,1296
2293,1296
2294,1293
2295,1296
2296,1297
2297,1293
2298,1298
2299,1292
2300,1296
2301,1296
2302,1296
2303,1296
2304,1294
2305,1291
2306,1293
2307,1296
2308,1294
2309,1296
2310,1295
2311,1294
2312,1297
2313,1291
2314,1296
2315,1296
2316,1293
2317,1297
2318,1293
2319,1296
2320,1293
2321,1296
2322,1290
2323,1294
2324,1296
2325,1294
2326,1294
2327,1296
2328,1294
2329,1296
2330,1291
2331,1296
2332,1294
2333,1296
2334,1296
2335,1293
2336,1290
2337,1293
2338,1296
2339,1294
2340,1295
2341,1296
2342,1294
2343,1293
2344,1293
2345,1295
2346,1295
2347,1293
2348,1291
2349,1294
2350,1296
2351,1294
2352,1295
2353,1295
2354,1293
2355,1296
2356,1295
2357,1295
2358,1291
2359,1291
2360,1295
2361,1290
2362,1295
2363,1291
2364,1291
2365,1295
2366,1292
2367,1295
2368,1291
2369,1296
2370,1295
2371,1290
2372,1290
2373,1294
2374,1296
2375,1296
2376,1294
2377,1295
2378,1291
2379,1295
2380,1294
2381,1295
2382,1293
2383,1294
2384,1288
2385,1290
2386,1294
2387,1291
2388,1292
2389,1295
2390,1291
2391,1294
2392,1292
2393,1295
2394,1293
2395,1293
2396,1295
2397,1291
2398,1294
2399,1292
2400,1291
2401,1293
2402,1289
2403,1293
2404,1289
2405,1294
2406,1291
2407,1291
2408,1293
2409,1291
2410,1294
2411,1290
2412,1294
2413,1293
2414,1293
2415,1292
2416,1291
2417,1293
2418,1293
2419,1290
2420,1292
2421,1288
2422,1289
2423,1292
2424,1293
2425,1292
2426,1291
2427,1293
2428,1288
2429,1292
2430,1288
2431,1294
2432,1294
2433,1290
2434,1293
2435,1292
2436,1292
2437,1294
2438,1292
2439,1292
2440,1294
2441,1299
2442,1297
2443,1299
2444,1293
2445,1294
2446,1296
2447,1297
2448,1303
2449,1307
2450,1305
2451,1310
2452,1307
2453,1310
2454,1312
2455,1313
2456,1313
2457,1316
2458,1324
2459,1321
2460,1329
2461,1325
2462,1330
2463,1330
2464,1327
2465,1324
2466,1334
2467,1337
2468,1341
2469,1343
2470,1342
2471,1347
2472,1341
2473,1347
2474,1347
2475,1350
2476,1351
2477,1351
2478,1360
2479,1362
2480,1359
2481,1361
2482,1360
2483,1364
2484,1359
2485,1370
2486,1378
2487,1387
2488,1393
2489,1389
2490,1392
2491,1389
2492,1391
2493,1388
2494,1391
2495,1406
2496,1412
2497,1418
2498,1419
2499,1418
2500,1415
2501,1411
2502,1415
2503,1413
2504,1417
2505,1419
2506,1427
2507,1438
2508,1436
2509,1439
2510,1431
2511,1432
2512,1433
2513,1429
2514,1437
2515,1439
2516,1445
2517,1444
2518,1445
2519,1446
2520,1440
2521,1445
2522,1442
2523,1443
2524,1446
2525,1453
2526,1470
2527,1470
2528,1467
2529,1465
2530,1462
2531,1460
2532,1460
2533,1466
2534,1467
2535,1481
2536,1480
2537,1480
2538,1479
2539,1474
2540,1473
2541,1472
2542,1475
2543,1484
2544,1486
2545,1494
2546,1494
2547,1493
2548,1488
2549,1486
2550,1488
2551,1483
2552,1491
2553,1496
2554,1502
2555,1501
2556,1497
2557,1501
2558,1497
2559,1499
2560,1501
2561,1497
2562,1506
2563,1505
2564,1509
2565,1503
2566,1507
2567,1504
2568,1503
2569,1508
2570,1509
2571,1516
2572,1522
2573,1516
2574,1521
2575,1520
2576,1522
2577,1515
2578,1523
2579,1526
2580,1523
2581,1529
2582,1526
2583,1535
2584,1532
2585,1535
2586,1535
2587,1535
2588,1538
2589,1538
2590,1544
2591,1550
2592,1548
2593,1553
2594,1549
2595,1551
2596,1547
2597,1552
2598,1547
2599,1552
2600,1557
2601,1556
2602,1555
2603,1558
2604,1551
2605,1557
2606,1551
2607,1561
2608,1565
2609,1566
2610,1569
2611,1567
2612,1570
2613,1564
2614,1572
2615,1567
2616,1575
2617,1581
2618,1580
2619,1581
2620,1582
2621,1579
2622,1582
2623,1579
2624,1589
2625,1591
2626,1598
2627,1596
2628,1596
2629,1600
2630,1596
2631,1601
2632,1597
2633,1598
2634,1604
2635,1607
2636,1612
2637,1606
2638,1613
2639,1613
2640,1613
2641,1611
2642,1615
2643,1613
2644,1617
2645,1614
2646,1617
2647,1619
2648,1619
2649,1621
2650,1621
2651,1621
2652,1624
2653,1621
2654,1624
2655,1617
2656,1623
2657,1619
2658,1625
2659,1626
2660,1624
2661,1627
2662,1620
2663,1627
2664,1621
2665,1621
2666,1625
2667,1623
2668,1626
2669,1620
2670,1623
2671,1626
2672,1622
2673,1625
2674,1617
2675,1620
2676,1623
2677,1623
2678,1624
2679,1623
2680,1625
2681,1622
2682,1623
2683,1625
2684,1620
2685,1624
2686,1622
2687,1625
2688,1624
2689,1624
2690,1621
2691,1621
2692,1629
2693,1623
2694,1630
2695,1631
2696,1626
2697,1631
2698,1622
2699,1630
2700,1628
2701,1629
2702,1629
2703,1625
2704,1631
2705,1625
2706,1631
2707,1623
2708,1632
2709,1633
2710,1629
2711,1633
2712,1633
2713,1630
2714,1631
2715,1634
2716,1641
2717,1636
2718,1644
2719,1636
2720,1642
2721,1645
2722,1639
2723,1646
2724,1639
2725,1640
2726,1645
2727,1642
2728,1646
2729,1647
2730,1649
2731,1641
2732,1644
2733,1646
2734,1642
2735,1648
2736,1641
2737,1647
2738,1647
2739,1652
2740,1654
2741,1653
2742,1652
2743,1646
2744,1647
2745,1653
2746,1647
2747,1656
2748,1655
2749,1656
2750,1654
2751,1650
2752,1654
2753,1647
2754,1653
2755,1648
2756,1650
2757,1655
2758,1647
2759,1654
2760,1650
2761,1651
2762,1652
2763,1650
2764,1654
2765,1647
2766,1651
2767,1652
2768,1653
2769,1653
2770,1649
2771,1654
2772,1653
2773,1653
2774,1653
2775,1650
2776,1654
2777,1651
2778,1653
2779,1646
2780,1654
2781,1656
2782,1659
2783,1663
2784,1659
2785,1663
2786,1659
2787,1661
2788,1662
2789,1658
2790,1663
2791,1662
2792,1663
2793,1663
2794,1660
2795,1665
2796,1664
2797,1668
2798,1665
2799,1669
2800,1662
2801,1668
2802,1669
2803,1662
2804,1666
2805,1669
2806,1665
2807,1669
2808,1662
2809,1669
2810,1665
2811,1666
2812,1665
2813,1661
2814,1666
2815,1666
2816,1662
2817,1666
2818,1660
2819,1666
2820,1666
2821,1657
2822,1665
2823,1665
2824,1663
2825,1668
2826,1664
2827,1669
2828,1669
2829,1672
2830,1672
2831,1674
2832,1669
2833,1670
2834,1673
2835,1674
2836,1670
2837,1676
2838,1669
2839,1678
2840,1672
2841,1677
2842,1676
2843,1673
2844,1676
2845,1671
2846,1678
2847,1672
2848,1679
2849,1679
2850,1671
2851,1679
2852,1678
2853,1679
2854,1680
2855,1674
2856,1678
2857,1675
2858,1678
2859,1675
2860,1681
2861,1676
2862,1677
2863,1680
2864,1675
2865,1680
2866,1681
2867,1680
2868,1683
2869,1677
2870,1681
2871,1680
2872,1683
2873,1684
2874,1680
2875,1684
2876,1677
2877,1684
2878,1681
2879,1683
2880,1676
2881,1673
2882,1676
2883,1679
2884,1678
2885,1673
2886,1675
2887,1679
2888,1670
2889,1677
2890,1671
2891,1676
2892,1672
2893,1672
2894,1676
2895,1673
2896,1678
2897,1678
2898,1673
2899,1676
2900,1670
2901,1676
2902,1677
2903,1678
2904,1682
2905,1681
2906,1687
2907,1678
2908,1683
2909,1676
2910,1680
2911,1679
2912,1678
2913,1685
2914,1687
2915,1687
2916,1689
2917,1683
2918,1686
2919,1684
2920,1686
2921,1683
2922,1685
2923,1686
2924,1682
2925,1687
2926,1680
2927,1685
2928,1687
2929,1681
2930,1686
2931,1682
2932,1686
2933,1684
2934,1682
2935,1682
2936,1676
2937,1679
2938,1678
2939,1682
2940,1678
2941,1676
2942,1681
2943,1674
2944,1678
2945,1678
2946,1674
2947,1676
2948,1673
2949,1677
2950,1672
2951,1681
2952,1680
2953,1677
2954,1674
2955,1670
2956,1672
2957,1675
2958,1669
2959,1673
2960,1669
2961,1677
2962,1672
2963,1679
2964,1678
2965,1672
2966,1674
2967,1670
2968,1674
2969,1672
2970,1667
2971,1672
2972,1669
2973,1677
2974,1675
2975,1673
2976,1672
2977,1668
2978,1670
2979,1664
2980,1672
2981,1668
2982,1674
2983,1672
2984,1670
2985,1672
2986,1671
2987,1671
2988,1669
2989,1664
2990,1667
2991,1667
2992,1663
2993,1670
2994,1667
2995,1669
2996,1667
2997,1663
2998,1666
2999,1659
3000,1666
3001,1662
3002,1664
3003,1663
3004,1665
3005,1665
3006,1664
3007,1663
3008,1667
3009,1662
3010,1666
3011,1660
3012,1666
3013,1662
3014,1663
3015,1664
3016,1661
3017,1662
3018,1659
3019,1662
3020,1665
3021,1661
3022,1665
3023,1660
3024,1663
3025,1664
3026,1663
3027,1664
3028,1662
3029,1663
3030,1660
3031,1664
3032,1663
3033,1657
3034,1665
3035,1657
3036,1664
3037,1663
3038,1661
3039,1664
3040,1658
3041,1660
3042,1663
3043,1665
3044,1664
3045,1663
3046,1664
3047,1661
3048,1663
3049,1665
3050,1660
3051,1662
3052,1658
3053,1661
3054,1664
3055,1664
3056,1663
3057,1661
3058,1664
3059,1660
3060,1665
3061,1660
3062,1666
3063,1661
3064,1661
3065,1665
3066,1664
3067,1664
3068,1665
3069,1658
3070,1662
3071,1654
3072,1662
3073,1662
3074,1663
3075,1657
3076,1659
3077,1661
3078,1657
3079,1661
3080,1659
3081,1654
3082,1660
3083,1657
3084,1661
3085,1657
3086,1658
3087,1657
3088,1656
3089,1659
3090,1660
3091,1664
3092,1659
3093,1663
3094,1660
3095,1659
3096,1664
3097,1663
3098,1661
3099,1664
3100,1661
3101,1658
3102,1656
3103,1662
3104,1665
3105,1663
3106,1664
3107,1661
3108,1663
3109,1662
3110,1662
3111,1662
3112,1660
3113,1667
3114,1663
3115,1668
3116,1668
3117,1666
3118,1666
3119,1661
3120,1664
3121,1663
3122,1664
3123,1660
3124,1659
3125,1657
3126,1660
3127,1660
3128,1662
3129,1657
3130,1660
3131,1656
3132,1660
3133,1655
3134,1658
3135,1657
3136,1654
3137,1650
3138,1647
3139,1651
3140,1651
3141,1646
3142,1647
3143,1642
3144,1647
3145,1642
3146,1643
3147,1640
3148,1638
3149,1638
3150,1633
3151,1640
3152,1632
3153,1638
3154,1638
3155,1632
3156,1640
3157,1636
3158,1633
3159,1630
3160,1625
3161,1628
3162,1621
3163,1624
3164,1622
3165,1619
3166,1617
3167,1617
3168,1611
3169,1609
3170,1602
3171,1601
3172,1604
3173,1596
3174,1599
3175,1596
3176,1593
3177,1591
3178,1589
3179,1585
3180,1577
3181,1576
3182,1564
3183,1565
3184,1556
3185,1556
3186,1553
3187,1542
3188,1543
3189,1535
3190,1529
3191,1526
3192,1517
3193,1517
3194,1508
3195,1508
3196,1507
3197,1503
3198,1501
3199,1494
3200,1493
3201,1491
3202,1485
3203,1486
3204,1478
3205,1483
3206,1478
3207,1476
3208,1473
3209,1468
3210,1467
3211,1461
3212,1463
3213,1454
3214,1453
3215,1456
3216,1445
3217,1448
3218,1442
3219,1446
3220,1442
3221,1439
3222,1436
3223,1432
3224,1435
3225,1429
3226,1428
3227,1426
3228,1423
3229,1423
3230,1415
3231,1413
3232,1413
3233,1405
3234,1406
3235,1398
3236,1402
3237,1392
3238,1397
3239,1395
3240,1392
3241,1392
3242,1385
3243,1391
3244,1389
3245,1383
3246,1385
3247,1386
3248,1380
3249,1380
3250,1382
3251,1379
3252,1377
3253,1377
3254,1376
3255,1378
3256,1370
3257,1377
3258,1372
3259,1371
3260,1374
3261,1370
3262,1369
3263,1369
3264,1366
3265,1366
3266,1362
3267,1364
3268,1360
3269,1360
3270,1357
3271,1354
3272,1358
3273,1351
3274,1355
3275,1354
3276,1350
3277,1353
3278,1348
3279,1351
3280,1348
3281,1348
3282,1349
3283,1344
3284,1348
3285,1345
3286,1347
3287,1346
3288,1345
3289,1344
3290,1341
3291,1342
3292,1342
3293,1338
3294,1337
3295,1335
3296,1335
3297,1337
3298,1338
3299,1337
3300,1336
3301,1336
3302,1331
3303,1335
3304,1331
3305,1329
3306,1330
3307,1322
3308,1325
3309,1321
3310,1323
3311,1321
3312,1318
3313,1320
3314,1314
3315,1317
3316,1312
3317,1316
3318,1313
3319,1313
3320,1313
3321,1313
3322,1311
3323,1312
3324,1309
3325,1311
3326,1306
3327,1309
3328,1303
3329,1308
3330,1305
3331,1305
3332,1308
3333,1303
3334,1306
3335,1300
3336,1302
3337,1305
3338,1299
3339,1304
3340,1304
3341,1302
3342,1298
3343,1298
3344,1299
3345,1297
3346,1297
3347,1301
3348,1299
3349,1301
3350,1300
3351,1299
3352,1301
3353,1300
3354,1300
3355,1299
3356,1297
3357,1297
3358,1298
3359,1300
3360,1293
3361,1299
3362,1300
3363,1298
3364,1299
3365,1295
3366,1297
3367,1299
3368,1297
3369,1298
3370,1295
3371,1298
3372,1298
3373,1298
3374,1300
3375,1295
3376,1298
3377,1294
3378,1299
3379,1293
3380,1300
3381,1299
3382,1293
3383,1298
3384,1299
3385,1296
3386,1299
3387,1296
3388,1299
3389,1298
3390,1299
3391,1293
3392,1293
3393,1294
3394,1291
3395,1297
3396,1294
3397,1294
3398,1293
3399,1295
3400,1297
3401,1292
3402,1297
3403,1295
3404,1295
3405,1296
3406,1292
3407,1296
3408,1296
3409,1296
3410,1290
3411,1295
3412,1297
3413,1295
3414,1297
3415,1296
3416,1293
3417,1297
3418,1292
3419,1291
3420,1293
3421,1295
3422,1294
3423,1293
3424,1295
3425,1291
3426,1296
3427,1293
3428,1294
3429,1296
3430,1290
3431,1292
3432,1296
3433,1293
3434,1292
3435,1292
3436,1296
3437,1290
3438,1296
3439,1289
3440,1296
3441,1296
3442,1289
3443,1295
3444,1294
3445,1293
3446,1295
3447,1292
3448,1294
3449,1290
3450,1296
3451,1295
3452,1294
3453,1289
3454,1291
3455,1296
3456,1292
3457,1295
3458,1294
3459,1290
3460,1297
3461,1293
3462,1295
3463,1291
3464,1292
3465,1295
3466,1290
3467,1294
3468,1292
3469,1294
3470,1289
3471,1292
3472,1293
3473,1293
3474,1294
3475,1295
3476,1291
3477,1291
3478,1288
3479,1293
3480,1291
3481,1294
3482,1293
3483,1293
3484,1294
3485,1290
3486,1293
3487,1288
3488,1295
3489,1289
3490,1290
3491,1294
3492,1290
3493,1294
3494,1292
3495,1293
3496,1294
3497,1289
3498,1295
3499,1292
3500,1294
3501,1291
3502,1292
3503,1291
3504,1290
3505,1292
3506,1293
3507,1290
3508,1294
3509,1290
3510,1293
3511,1288
3512,1293
3513,1288
3514,1291
3515,1292
3516,1289
3517,1294
3518,1289
3519,1289
3520,1292
3521,1294
3522,1288
3523,1292
3524,1291
3525,1292
3526,1290
3527,1289
3528,1292
3529,1287
3530,1292
3531,1292
3532,1293
3533,1290
3534,1290
3535,1292
3536,1287
3537,1291
3538,1291
3539,1288
3540,1292
3541,1287
3542,1291
3543,1289
3544,1292
3545,1291
3546,1290
3547,1287
3548,1289
3549,1291
3550,1291
3551,1292
3552,1291
3553,1288
3554,1292
3555,1293
3556,1290
3557,1292
3558,1289
3559,1293
3560,1287
3561,1292
3562,1286
3563,1289
3564,1291
3565,1289
3566,1292
3567,1291
3568,1289
3569,1288
3570,1288
3571,1293
3572,1291
3573,1291
3574,1291
3575,1290
3576,1290
3577,1287
3578,1292
3579,1289
3580,1291
3581,1287
3582,1286
3583,1290
3584,1288
3585,1291
3586,1287
3587,1288
3588,1292
3589,1287
3590,1290
3591,1285
3592,1291
3593,1290
3594,1290
3595,1292
3596,1286
3597,1291
3598,1286
3599,1289
3600,1289
3601,1286
3602,1290
3603,1290
3604,1290
3605,1287
3606,1289
3607,1291
3608,1286
3609,1289
3610,1284
3611,1291
3612,1291
3613,1285
3614,1290
3615,1290
3616,1290
3617,1290
3618,1287
3619,1290
3620,1285
3621,1290
3622,1287
3623,1290
3624,1290
3625,1289
3626,1287
3627,1289
3628,1289
3629,1288
3630,1286
3631,1289
3632,1286
3633,1289
3634,1284
3635,1289
3636,1290
3637,1287
3638,1290
3639,1284
3640,1291
3641,1284
3642,1286
3643,1291
3644,1289
3645,1288
3646,1282
3647,1288
3648,1290
3649,1285
3650,1290
3651,1286
3652,1290
3653,1283
3654,1289
3655,1289
3656,1286
3657,1288
3658,1289
3659,1287
3660,1289
3661,1285
3662,1289
3663,1288
3664,1289
3665,1286
3666,1288
3667,1289
3668,1286
3669,1285
3670,1287
3671,1287
3672,1290
3673,1284
3674,1289
3675,1289
3676,1288
3677,1283
3678,1286
3679,1288
3680,1287
3681,1289
3682,1287
3683,1289
3684,1288
3685,1288
3686,1288
3687,1289
3688,1289
3689,1284
3690,1285
3691,1290
3692,1284
3693,1286
3694,1283
3695,1283
3696,1288
3697,1289
3698,1286
3699,1285
3700,1285
3701,1288
3702,1283
3703,1288
3704,1289
3705,1283
3706,1286
3707,1288
3708,1288
3709,1286
3710,1286
3711,1289
3712,1284
3713,1289
3714,1284
3715,1288
3716,1288
3717,1282
3718,1288
3719,1284
3720,1286
3721,1288
3722,1285
3723,1288
3724,1286
3725,1289
3726,1283
3727,1283
3728,1287
3729,1285
3730,1289
3731,1284
3732,1285
3733,1287
3734,1283
3735,1287
3736,1285
3737,1288
3738,1289
3739,1287
3740,1288
3741,1284
3742,1284
3743,1285
3744,1284
3745,1288
3746,1288
3747,1288
3748,1285
3749,1287
3750,1286
3751,1284
3752,1289
3753,1283
3754,1284
3755,1284
3756,1287
3757,1283
3758,1287
3759,1287
3760,1284
3761,1286
3762,1284
3763,1285
3764,1289
3765,1281
3766,1284
3767,1287
3768,1286
3769,1285
3770,1284
3771,1287
3772,1283
3773,1287
3774,1284
3775,1287
3776,1287
3777,1283
3778,1287
3779,1285
3780,1287
3781,1288
3782,1283
3783,1287
3784,1281
3785,1287
3786,1287
3787,1289
3788,1287
3789,1284
3790,1285
3791,1287
3792,1286
3793,1287
3794,1285
3795,1288
3796,1282
3797,1286
3798,1288
3799,1285
3800,1287
3801,1285
3802,1282
3803,1283
3804,1286
3805,1281
3806,1287
3807,1287
3808,1282
3809,1286
3810,1287
3811,1286
3812,1287
3813,1284
3814,1284
3815,1284
3816,1286
3817,1285
3818,1286
3819,1287
3820,1283
3821,1280
3822,1287
3823,1283
3824,1287
3825,1282
3826,1287
3827,1284
3828,1285
3829,1281
3830,1285
3831,1286
3832,1282
3833,1285
3834,1285
3835,1287
3836,1281
3837,1281
3838,1283
3839,1283
3840,1286
3841,1287
3842,1284
3843,1286
3844,1280
3845,1282
3846,1286
3847,1286
3848,1283
3849,1285
3850,1284
3851,1282
3852,1284
3853,1287
3854,1282
3855,1286
3856,1283
3857,1288
3858,1285
3859,1285
3860,1280
3861,1281
3862,1285
3863,1283
3864,1284
3865,1281
3866,1283
3867,1286
3868,1280
3869,1285
3870,1286
3871,1286
3872,1284
3873,1284
3874,1282
3875,1282
3876,1283
3877,1285
3878,1282
3879,1285
3880,1285
3881,1284
3882,1286
3883,1286
3884,1284
3885,1286
3886,1282
3887,1285
3888,1279
3889,1280
3890,1284
3891,1286
3892,1285
3893,1282
3894,1285
3895,1283
3896,1286
3897,1279
3898,1285
3899,1286
3900,1282
3901,1284
3902,1285
3903,1283
3904,1286
3905,1280
3906,1285
3907,1281
3908,1286
3909,1281
3910,1285
3911,1285
3912,1282
3913,1285
3914,1286
3915,1283
3916,1281
3917,1282
3918,1285
3919,1282
3920,1286
3921,1285
3922,1285
3923,1286
3924,1282
3925,1287
3926,1282
3927,1283
3928,1286
3929,1280
3930,1286
3931,1286
3932,1285
3933,1283
3934,1282
3935,1286
3936,1281
3937,1285
3938,1282
3939,1286
3940,1286
3941,1286
3942,1284
3943,1286
3944,1284
3945,1285
3946,1281
3947,1286
3948,1281
3949,1286
3950,1283
3951,1285
3952,1283
3953,1283
3954,1286
3955,1282
3956,1286
3957,1282
3958,1281
3959,1280
3960,1282
3961,1285
3962,1282
3963,1284
3964,1284
3965,1282
3966,1285
3967,1282
3968,1285
3969,1280
3970,1281
3971,1284
3972,1283
3973,1285
3974,1284
3975,1282
3976,1285
3977,1281
3978,1284
3979,1284
3980,1285
3981,1280
3982,1284
3983,1285
3984,1282
3985,1281
3986,1282
3987,1284
3988,1281
3989,1282
3990,1285
3991,1279
3992,1285
3993,1285
3994,1283
3995,1284
3996,1281
3997,1284
3998,1281
3999,1285
4000,1280
4001,1284
4002,1285
4003,1281
4004,1285
4005,1285
4006,1282
4007,1285
4008,1280
4009,1283
4010,1282
4011,1284
4012,1284
4013,1283
4014,1285
4015,1280
4016,1285
4017,1283
4018,1285
4019,1286
4020,1280
4021,1284
4022,1285
4023,1282
4024,1279
4025,1281
4026,1285
4027,1278
4028,1284
4029,1284
4030,1284
4031,1285
4032,1282
4033,1284
4034,1279
4035,1283
4036,1278
4037,1283
4038,1285
4039,1279
4040,1285
4041,1285
4042,1285
4043,1284
4044,1281
4045,1284
4046,1284
4047,1284
4048,1281
4049,1278
4050,1281
4051,1284
4052,1277
4053,1283
4054,1284
4055,1283
4056,1278
4057,1282
4058,1284
4059,1282
4060,1285
4061,1278
4062,1283
4063,1283
4064,1282
4065,1284
4066,1284
4067,1281
4068,1278
4069,1280
4070,1282
4071,1278
4072,1284
4073,1283
4074,1282
4075,1284
4076,1281
4077,1284
4078,1278
4079,1284
4080,1284
4081,1279
4082,1282
4083,1285
4084,1280
4085,1277
4086,1282
4087,1283
4088,1279
4089,1284
4090,1283
4091,1284
4092,1284
4093,1283
4094,1284
4095,1277
4096,1280
4097,1283
4098,1283
4099,1284
4100,1277
4101,1280
4102,1283
4103,1283
4104,1283
4105,1282
4106,1283
4107,1279
4108,1283
4109,1283
4110,1279
4111,1284
4112,1278
4113,1278
4114,1283
4115,1284
4116,1283
4117,1281
4118,1281
4119,1277
4120,1277
4121,1283
4122,1283
4123,1283
4124,1277
4125,1283
4126,1283
4127,1283
4128,1282
4129,1280
4130,1284
4131,1280
4132,1283
4133,1276
4134,1282
4135,1282
4136,1280
4137,1283
4138,1280
4139,1282
4140,1283
4141,1278
4142,1277
4143,1279
4144,1283
4145,1283
4146,1282
4147,1284
4148,1280
4149,1284
4150,1281
4151,1283
4152,1281
4153,1282
4154,1284
4155,1282
4156,1284
4157,1278
4158,1282
4159,1284
4160,1279
4161,1284
4162,1282
4163,1286
4164,1282
4165,1284
4166,1284
4167,1286
4168,1284
4169,1284
4170,1283
4171,1286
4172,1284
4173,1290
4174,1291
4175,1293
4176,1292
4177,1290
4178,1293
4179,1288
4180,1291
4181,1293
4182,1298
4183,1303
4184,1299
4185,1306
4186,1307
4187,1308
4188,1311
4189,1309
4190,1317
4191,1312
4192,1320
4193,1319
4194,1321
4195,1323
4196,1320
4197,1330
4198,1334
4199,1338
4200,1336
4201,1341
4202,1345
4203,1340
4204,1347
4205,1342
4206,1350
4207,1356
4208,1361
4209,1371
4210,1368
4211,1376
4212,1377
4213,1372
4214,1379
4215,1378
4216,1387
4217,1395
4218,1395
4219,1402
4220,1400
4221,1403
4222,1400
4223,1400
4224,1404
4225,1398
4226,1407
4227,1411
4228,1412
4229,1415
4230,1415
4231,1411
4232,1414
4233,1410
4234,1416
4235,1420
4236,1424
4237,1427
4238,1425
4239,1427
4240,1424
4241,1424
4242,1427
4243,1425
4244,1436
4245,1438
4246,1446
4247,1448
4248,1451
4249,1450
4250,1451
4251,1446
4252,1455
4253,1453
4254,1461
4255,1466
4256,1464
4257,1467
4258,1470
4259,1472
4260,1472
4261,1475
4262,1477
4263,1485
4264,1484
4265,1486
4266,1493
4267,1494
4268,1494
4269,1493
4270,1501
4271,1503
4272,1512
4273,1512
4274,1515
4275,1516
4276,1512
4277,1519
4278,1527
4279,1528
4280,1533
4281,1536
4282,1544
4283,1544
4284,1547
4285,1547
4286,1547
4287,1549
4288,1552
4289,1564
4290,1570
4291,1569
4292,1572
4293,1570
4294,1574
4295,1570
4296,1578
4297,1579
4298,1586
4299,1588
4300,1586
4301,1589
4302,1585
4303,1586
4304,1591
4305,1588
4306,1597
4307,1602
4308,1606
4309,1603
4310,1605
4311,1608
4312,1604
4313,1612
4314,1613
4315,1619
4316,1621
4317,1620
4318,1627
4319,1630
4320,1638
4321,1642
4322,1641
4323,1646
4324,1642
4325,1652
4326,1655
4327,1659
4328,1655
4329,1660
4330,1664
4331,1665
4332,1669
4333,1665
4334,1663
4335,1669
4336,1664
4337,1673
4338,1670
4339,1675
4340,1675
4341,1670
4342,1677
4343,1669
4344,1676
4345,1675
4346,1682
4347,1685
4348,1682
4349,1682
4350,1684
4351,1683
4352,1689
4353,1694
4354,1705
4355,1705
4356,1710
4357,1712
4358,1713
4359,1713
4360,1710
4361,1711
4362,1722
4363,1747
4364,1755
4365,1750
4366,1757
4367,1752
4368,1758
4369,1758
4370,1765
4371,1776
4372,1779
4373,1782
4374,1789
4375,1793
4376,1784
4377,1791
4378,1796
4379,1805
4380,1809
4381,1831
4382,1834
4383,1839
4384,1832
4385,1836
4386,1837
4387,1844
4388,1843
4389,1847
4390,1854
4391,1853
4392,1863
4393,1860
4394,1866
4395,1870
4396,1870
4397,1880
4398,1888
4399,1888
4400,1891
4401,1892
4402,1899
4403,1908
4404,1909
4405,1910
4406,1909
4407,1912
4408,1904
4409,1911
4410,1915
4411,1921
4412,1916
4413,1921
4414,1926
4415,1937
4416,1935
4417,1942
4418,1936
4419,1938
4420,1938
4421,1936
4422,1935
4423,1940
4424,1961
4425,1957
4426,1957
4427,1963
4428,1958
4429,1963
4430,1960
4431,1964
4432,1968
4433,1965
4434,1968
4435,1968
4436,1974
4437,1980
4438,1981
4439,1982
4440,1978
4441,1982
4442,1981
4443,1981
4444,1986
4445,1979
4446,1986
4447,2018
4448,2022
4449,2014
4450,2019
4451,2019
4452,2014
4453,2016
4454,2015
4455,2026
4456,2031
4457,2022
4458,2023
4459,2028
4460,2029
4461,2022
4462,2028
4463,2034
4464,2030
4465,2037
4466,2031
4467,2041
4468,2042
4469,2044
4470,2047
4471,2066
4472,2073
4473,2069
4474,2068
4475,2071
4476,2069
4477,2078
4478,2077
4479,2078
4480,2083
4481,2095
4482,2093
4483,2090
4484,2092
4485,2088
4486,2086
4487,2093
4488,2085
4489,2087
4490,2085
4491,2089
4492,2088
4493,2082
4494,2086
4495,2080
4496,2084
4497,2074
4498,2080
4499,2077
4500,2076
4501,2077
4502,2072
4503,2076
4504,2078
4505,2070
4506,2074
4507,2065
4508,2072
4509,2072
4510,2071
4511,2071
4512,2067
4513,2074
4514,2065
4515,2071
4516,2068
4517,2068
4518,2064
4519,2060
4520,2063
4521,2056
4522,2060
4523,2062
4524,2058
4525,2062
4526,2055
4527,2057
4528,2053
4529,2057
4530,2050
4531,2052
4532,2057
4533,2056
4534,2053
4535,2055
4536,2049
4537,2053
4538,2045
4539,2044
4540,2053
4541,2052
4542,2051
4543,2045
4544,2049
4545,2039
4546,2048
4547,2043
4548,2042
4549,2042
4550,2043
4551,2042
4552,2042
4553,2037
4554,2038
4555,2032
4556,2036
4557,2027
4558,2028
4559,2033
4560,2030
4561,2031
4562,2024
4563,2028
4564,2027
4565,2022
4566,2019
4567,2020
4568,2027
4569,2018
4570,2024
4571,2023
4572,2018
4573,2019
4574,2010
4575,2010
4576,2011
4577,2013
4578,2009
4579,2010
4580,2005
4581,2004
4582,2011
4583,2008
4584,2006
4585,2000
4586,2005
4587,1993
4588,1999
4589,1996
4590,1995
4591,1989
4592,1988
4593,1985
4594,1980
4595,1984
4596,1985
4597,1979
4598,1986
4599,1982
4600,1985
4601,1981
4602,1980
4603,1973
4604,1970
4605,1972
4606,1962
4607,1968
4608,1968
4609,1968
4610,1966
4611,1958
4612,1968
4613,1967
4614,1964
4615,1953
4616,1947
4617,1963
4618,1960
4619,1968
4620,1962
4621,1945
4622,1951
4623,1944
4624,1940
4625,1930
4626,1949
4627,1961
4628,1955
4629,1946
4630,1931
4631,1933
4632,1933
4633,1931
4634,1932
4635,1927
4636,1925
4637,1931
4638,1928
4639,1922
4640,1923
4641,1924
4642,1915
4643,1919
4644,1918
4645,1913
4646,1918
4647,1914
4648,1912
4649,1903
4650,1910
4651,1907
4652,1910
4653,1911
4654,1904
4655,1909
4656,1920
4657,1915
4658,1915
4659,1890
4660,1892
4661,1896
4662,1895
4663,1894
4664,1893
4665,1908
4666,1901
4667,1908
4668,1901
4669,1905
4670,1903
4671,1899
4672,1899
4673,1895
4674,1897
4675,1893
4676,1892
4677,1895
4678,1885
4679,1891
4680,1887
4681,1885
4682,1884
4683,1879
4684,1877
4685,1876
4686,1881
4687,1880
4688,1873
4689,1872
4690,1865
4691,1872
4692,1866
4693,1870
4694,1872
4695,1866
4696,1870
4697,1861
4698,1869
4699,1861
4700,1867
4701,1861
4702,1862
4703,1867
4704,1865
4705,1864
4706,1867
4707,1861
4708,1864
4709,1864
4710,1867
4711,1859
4712,1864
4713,1866
4714,1860
4715,1867
4716,1862
4717,1866
4718,1865
4719,1857
4720,1860
4721,1864
4722,1865
4723,1859
4724,1860
4725,1857
4726,1858
4727,1863
4728,1857
4729,1864
4730,1863
4731,1863
4732,1860
4733,1857
4734,1860
4735,1861
4736,1856
4737,1859
4738,1852
4739,1860
4740,1858
4741,1860
4742,1859
4743,1856
4744,1853
4745,1854
4746,1858
4747,1851
4748,1857
4749,1854
4750,1850
4751,1850
4752,1857
4753,1856
4754,1857
4755,1850
4756,1851
4757,1854
4758,1848
4759,1854
4760,1846
4761,1854
4762,1853
4763,1852
4764,1852
4765,1851
4766,1850
4767,1853
4768,1847
4769,1852
4770,1848
4771,1852
4772,1851
4773,1851
4774,1846
4775,1846
4776,1850
4777,1847
4778,1850
4779,1846
4780,1850
4781,1850
4782,1844
4783,1851
4784,1848
4785,1848
4786,1846
4787,1845
4788,1850
4789,1842
4790,1849
4791,1844
4792,1849
4793,1850
4794,1845
4795,1849
4796,1841
4797,1847
4798,1841
4799,1841
4800,1848
4801,1846
4802,1848
4803,1845
4804,1846
4805,1847
4806,1844
4807,1847
4808,1841
4809,1848
4810,1844
4811,1841
4812,1848
4813,1847
4814,1847
4815,1847
4816,1844
4817,1847
4818,1841
4819,1848
4820,1845
4821,1847
4822,1848
4823,1845
4824,1847
4825,1841
4826,1847
4827,1847
4828,1843
4829,1847
4830,1840
4831,1847
4832,1838
4833,1847
4834,1847
4835,1844
4836,1846
4837,1840
4838,1847
4839,1845
4840,1847
4841,1844
4842,1844
4843,1846
4844,1846
4845,1846
4846,1843
4847,1842
4848,1846
4849,1842
4850,1846
4851,1838
4852,1846
4853,1844
4854,1843
4855,1846
4856,1842
4857,1843
4858,1845
4859,1842
4860,1845
4861,1838
4862,1846
4863,1846
4864,1845
4865,1844
4866,1841
4867,1846
4868,1838
4869,1846
4870,1845
4871,1841
4872,1846
4873,1841
4874,1846
4875,1845
4876,1842
4877,1841
4878,1842
4879,1846
4880,1839
4881,1845
4882,1844
4883,1845
4884,1845
4885,1841
4886,1844
4887,1845
4888,1840
4889,1841
4890,1841
4891,1845
4892,1842
4893,1845
4894,1843
4895,1843
4896,1845
4897,1839
4898,1845
4899,1841
4900,1839
4901,1843
4902,1840
4903,1845
4904,1841
4905,1843
4906,1845
4907,1842
4908,1840
4909,1839
4910,1845
4911,1837
4912,1845
4913,1843
4914,1841
4915,1843
4916,1841
4917,1842
4918,1846
4919,1842
4920,1848
4921,1847
4922,1852
4923,1853
4924,1853
4925,1852
4926,1856
4927,1856
4928,1862
4929,1856
4930,1863
4931,1862
4932,1857
4933,1855
4934,1856
4935,1860
4936,1866
4937,1872
4938,1875
4939,1858
4940,1860
4941,1851
4942,1853
4943,1852
4944,1844
4945,1836
4946,1834
4947,1833
4948,1825
4949,1823
4950,1819
4951,1809
4952,1814
4953,1811
4954,1814
4955,1812
4956,1808
4957,1803
4958,1798
4959,1796
4960,1789
4961,1787
4962,1787
4963,1775
4964,1775
4965,1766
4966,1764
4967,1759
4968,1755
4969,1753
4970,1741
4971,1740
4972,1726
4973,1726
4974,1719
4975,1707
4976,1689
4977,1675
4978,1676
4979,1675
4980,1669
4981,1669
4982,1662
4983,1675
4984,1666
4985,1657
4986,1640
4987,1630
4988,1628
4989,1618
4990,1620
4991,1616
4992,1606
4993,1614
4994,1609
4995,1614
4996,1608
4997,1608
4998,1606
4999,1599
5000,1600
5001,1589
5002,1589
5003,1579
5004,1576
5005,1569
5006,1560
5007,1560
5008,1559
5009,1554
5010,1548
5011,1537
5012,1538
5013,1527
5014,1531
5015,1522
5016,1525
5017,1520
5018,1515
5019,1516
5020,1509
5021,1502
5022,1499
5023,1497
5024,1497
5025,1487
5026,1486
5027,1487
5028,1482
5029,1483
5030,1477
5031,1474
5032,1469
5033,1469
5034,1463
5035,1464
5036,1463
5037,1454
5038,1457
5039,1451
5040,1452
5041,1452
5042,1445
5043,1449
5044,1443
5045,1440
5046,1435
5047,1433
5048,1433
5049,1425
5050,1426
5051,1421
5052,1420
5053,1422
5054,1414
5055,1417
5056,1412
5057,1415
5058,1413
5059,1408
5060,1409
5061,1402
5062,1405
5063,1399
5064,1401
5065,1399
5066,1394
5067,1397
5068,1393
5069,1395
5070,1394
5071,1388
5072,1391
5073,1383
5074,1389
5075,1385
5076,1386
5077,1384
5078,1381
5079,1382
5080,1377
5081,1379
5082,1380
5083,1376
5084,1376
5085,1369
5086,1375
5087,1369
5088,1370
5089,1369
5090,1366
5091,1367
5092,1363
5093,1366
5094,1364
5095,1364
5096,1361
5097,1361
5098,1360
5099,1355
5100,1354
5101,1357
5102,1351
5103,1351
5104,1356
5105,1351
5106,1354
5107,1354
5108,1353
5109,1350
5110,1348
5111,1350
5112,1346
5113,1345
5114,1347
5115,1345
5116,1346
5117,1343
5118,1346
5119,1345
5120,1343
5121,1342
5122,1338
5123,1340
5124,1338
5125,1341
5126,1340
5127,1334
5128,1338
5129,1336
5130,1336
5131,1337
5132,1334
5133,1335
5134,1331
5135,1334
5136,1330
5137,1332
5138,1331
5139,1328
5140,1328
5141,1326
5142,1327
5143,1327
5144,1323
5145,1324
5146,1319
5147,1324
5148,1319
5149,1322
5150,1322
5151,1319
5152,1323
5153,1317
5154,1322
5155,1321
5156,1321
5157,1320
5158,1320
5159,1321
5160,1315
5161,1318
5162,1320
5163,1314
5164,1318
5165,1315
5166,1318
5167,1318
5168,1318
5169,1315
5170,1315
5171,1317
5172,1314
5173,1312
5174,1316
5175,1312
5176,1316
5177,1311
5178,1316
5179,1309
5180,1311
5181,1314
5182,1310
5183,1314
5184,1311
5185,1314
5186,1308
5187,1311
5188,1313
5189,1312
5190,1313
5191,1313
5192,1310
5193,1312
5194,1308
5195,1313
5196,1312
5197,1308
5198,1308
5199,1310
5200,1312
5201,1308
5202,1312
5203,1311
5204,1308
5205,1312
5206,1306
5207,1306
5208,1308
5209,1310
5210,1311
5211,1308
5212,1310
5213,1305
5214,1310
5215,1308
5216,1311
5217,1306
5218,1309
5219,1311
5220,1307
5221,1309
5222,1303
5223,1307
5224,1309
5225,1306
5226,1309
5227,1308
5228,1311
5229,1309
5230,1308
5231,1309
5232,1303
5233,1305
5234,1303
5235,1304
5236,1309
5237,1303
5238,1309
5239,1306
5240,1308
5241,1308
5242,1305
5243,1309
5244,1305
5245,1308
5246,1302
5247,1302
5248,1308
5249,1307
5250,1307
5251,1308
5252,1305
5253,1307
5254,1303
5255,1306
5256,1301
5257,1304
5258,1307
5259,1306
5260,1306
5261,1303
5262,1308
5263,1307
5264,1306
5265,1301
5266,1304
5267,1306
5268,1301
5269,1302
5270,1302
5271,1304
5272,1306
5273,1303
5274,1307
5275,1302
5276,1306
5277,1306
5278,1306
5279,1306
5280,1306
5281,1306
5282,1306
5283,1300
5284,1303
5285,1307
5286,1300
5287,1307
5288,1305
5289,1306
5290,1300
5291,1305
5292,1307
5293,1302
5294,1305
5295,1306
5296,1302
5297,1306
5298,1301
5299,1305
5300,1303
5301,1306
5302,1305
5303,1303
5304,1306
5305,1299
5306,1306
5307,1301
5308,1300
5309,1305
5310,1302
5311,1305
5312,1306
5313,1304
5314,1305
5315,1302
5316,1305
5317,1300
5318,1305
5319,1305
5320,1304
5321,1299
5322,1300
5323,1304
5324,1300
5325,1302
5326,1304
5327,1302
5328,1302
5329,1299
5330,1305
5331,1305
5332,1304
5333,1305
5334,1300
5335,1299
5336,1302
5337,1304
5338,1302
5339,1299
5340,1305
5341,1302
5342,1304
5343,1304
5344,1302
5345,1304
5346,1299
5347,1299
5348,1305
5349,1305
5350,1298
5351,1303
5352,1304
5353,1300
5354,1304
5355,1305
5356,1302
5357,1305
5358,1301
5359,1303
5360,1302
5361,1304
5362,1304
5363,1302
5364,1304
5365,1299
5366,1300
5367,1303
5368,1304
5369,1303
5370,1303
5371,1304
5372,1299
5373,1303
5374,1304
5375,1301
5376,1301
5377,1297
5378,1301
5379,1304
5380,1303
5381,1303
5382,1301
5383,1304
5384,1301
5385,1304
5386,1299
5387,1300
5388,1302
5389,1302
5390,1304
5391,1298
5392,1302
5393,1304
5394,1299
5395,1303
5396,1298
5397,1297
5398,1297
5399,1303
5400,1303
5401,1297
5402,1303
5403,1304
5404,1301
5405,1302
5406,1300
5407,1302
5408,1298
5409,1303
5410,1296
5411,1301
5412,1302
5413,1298
5414,1301
5415,1302
5416,1300
5417,1302
5418,1297
5419,1303
5420,1299
5421,1303
5422,1302
5423,1300
5424,1302
5425,1298
5426,1296
5427,1301
5428,1303
5429,1301
5430,1300
5431,1303
5432,1297
5433,1302
5434,1302
5435,1300
5436,1302
5437,1297
5438,1302
5439,1302
5440,1302
5441,1301
5442,1299
5443,1301
5444,1301
5445,1302
5446,1299
5447,1300
5448,1301
5449,1296
5450,1302
5451,1301
5452,1302
5453,1303
5454,1300
5455,1300
5456,1301
5457,1295
5458,1303
5459,1298
5460,1300
5461,1299
5462,1295
5463,1295
5464,1301
5465,1299
5466,1301
5467,1299
5468,1302
5469,1297
5470,1301
5471,1302
5472,1301
5473,1295
5474,1300
5475,1301
5476,1298
5477,1298
5478,1294
5479,1299
5480,1301
5481,1297
5482,1300
5483,1300
5484,1299
5485,1301
5486,1296
5487,1301
5488,1299
5489,1300
5490,1294
5491,1294
5492,1298
5493,1299
5494,1300
5495,1300
5496,1297
5497,1300
5498,1298
5499,1300
5500,1296
5501,1299
5502,1298
5503,1298
5504,1300
5505,1296
5506,1299
5507,1300
5508,1296
5509,1299
5510,1297
5511,1300
5512,1294
5513,1299
5514,1299
5515,1296
5516,1300
5517,1294
5518,1299
5519,1294
5520,1299
5521,1298
5522,1294
5523,1298
5524,1299
5525,1297
5526,1299
5527,1296
5528,1300
5529,1296
5530,1300
5531,1297
5532,1298
5533,1299
5534,1297
5535,1299
5536,1293
5537,1297
5538,1295
5539,1296
5540,1300
5541,1293
5542,1300
5543,1300
5544,1299
5545,1299
5546,1296
5547,1292
5548,1297
5549,1299
5550,1295
5551,1293
5552,1299
5553,1298
5554,1299
5555,1298
5556,1296
5557,1294
5558,1295
5559,1298
5560,1293
5561,1299
5562,1297
5563,1296
5564,1299
5565,1296
5566,1297
5567,1298
5568,1294
5569,1296
5570,1295
5571,1298
5572,1294
5573,1298
5574,1297
5575,1296
5576,1298
5577,1295
5578,1298
5579,1291
5580,1297
5581,1294
5582,1295
5583,1299
5584,1291
5585,1298
5586,1298
5587,1294
5588,1298
5589,1294
5590,1297
5591,1292
5592,1297
5593,1293
5594,1294
5595,1296
5596,1292
5597,1295
5598,1296
5599,1292
5600,1297
5601,1292
5602,1297
5603,1297
5604,1296
5605,1296
5606,1294
5607,1296
5608,1291
5609,1297
5610,1293
5611,1296
5612,1296
5613,1296
5614,1297
5615,1294
5616,1293
5617,1294
5618,1291
5619,1295
5620,1291
5621,1296
5622,1296
5623,1296
5624,1296
5625,1294
5626,1295
5627,1295
5628,1293
5629,1296
5630,1290
5631,1290
