Sample,X,Y,Z
0,-2048,0,-2048
1,-520,-2048,-512
2,165,-897,-857
3,189,173,-925
4,224,170,-878
5,222,124,-876
6,199,152,-860
7,196,136,-855
8,210,129,-856
9,204,103,-889
10,188,119,-877
11,184,128,-914
12,206,124,-914
13,193,144,-876
14,185,158,-861
15,192,172,-860
16,198,156,-831
17,203,137,-841
18,195,116,-848
19,198,128,-877
20,199,121,-904
21,204,127,-916
22,207,119,-928
23,211,137,-905
24,192,149,-874
25,192,163,-857
26,204,143,-848
27,201,124,-859
28,199,124,-866
29,193,115,-881
30,200,115,-888
31,195,126,-902
32,201,143,-908
33,195,160,-861
34,183,159,-865
35,195,159,-864
36,191,142,-856
37,195,120,-852
38,201,119,-876
39,207,115,-909
40,207,111,-928
41,214,113,-912
42,207,127,-880
43,209,152,-857
44,199,163,-845
45,199,164,-844
46,185,143,-852
47,199,131,-855
48,198,127,-874
49,192,115,-914
50,198,121,-936
51,204,120,-931
52,201,124,-877
53,184,147,-848
54,190,163,-861
55,190,159,-844
56,190,159,-844
57,199,142,-856
58,190,135,-873
59,193,132,-897
60,206,121,-921
61,204,120,-936
62,207,131,-909
63,206,156,-848
64,195,161,-849
65,184,160,-836
66,192,136,-848
67,192,120,-865
68,195,117,-866
69,191,112,-900
70,192,142,-916
71,215,151,-905
72,211,147,-914
73,201,159,-892
74,176,163,-848
75,177,156,-848
76,184,128,-847
77,186,124,-860
78,192,108,-877
79,195,111,-900
80,195,127,-904
81,208,150,-932
82,204,156,-894
83,193,172,-893
84,191,166,-865
85,188,144,-847
86,190,136,-845
87,196,108,-845
88,204,103,-868
89,211,112,-877
90,204,129,-900
91,199,135,-927
92,190,147,-895
93,161,159,-866
94,169,175,-849
95,190,175,-848
96,200,133,-857
97,211,108,-863
98,219,99,-872
99,207,113,-905
100,208,119,-925
101,195,124,-908
102,195,150,-912
103,195,160,-874
104,183,168,-857
105,190,156,-857
106,207,144,-846
107,207,119,-877
108,200,112,-880
109,199,129,-880
110,195,131,-911
111,176,151,-912
112,172,179,-879
113,176,175,-855
114,176,175,-855
115,184,150,-849
116,204,135,-852
117,206,120,-863
118,198,108,-876
119,196,111,-897
120,207,115,-897
121,206,140,-893
122,198,160,-898
123,193,163,-881
124,188,168,-856
125,192,152,-848
126,193,137,-848
127,195,113,-866
128,204,115,-880
129,185,115,-912
130,198,128,-909
131,204,134,-898
132,196,151,-900
133,192,167,-868
134,185,177,-858
135,199,159,-845
136,184,127,-857
137,200,126,-883
138,199,124,-884
139,206,134,-900
140,195,118,-900
141,192,142,-880
142,184,143,-877
143,198,159,-868
144,193,154,-868
145,200,131,-874
146,206,135,-889
147,201,120,-900
148,200,120,-904
149,199,135,-894
150,187,147,-884
151,183,143,-874
152,192,144,-860
153,192,151,-864
154,195,137,-860
155,200,127,-857
156,195,127,-858
157,203,135,-896
158,191,140,-920
159,184,127,-908
160,192,140,-891
161,191,147,-881
162,192,172,-848
163,199,167,-836
164,200,152,-852
165,207,129,-874
166,207,115,-871
167,191,123,-877
168,190,125,-921
169,200,121,-945
170,189,158,-909
171,191,163,-873
172,191,163,-873
173,201,156,-864
174,199,151,-841
175,204,153,-836
176,187,125,-856
177,185,124,-882
178,174,115,-899
179,190,120,-926
180,187,127,-912
181,198,152,-896
182,195,166,-863
183,198,169,-843
184,195,156,-852
185,201,134,-857
186,183,121,-857
187,184,137,-881
188,195,128,-909
189,195,135,-910
190,204,135,-899
191,196,143,-868
192,207,159,-865
193,200,144,-873
194,201,151,-880
195,199,137,-866
196,195,135,-882
197,193,127,-898
198,199,126,-911
199,191,119,-871
200,192,124,-861
201,190,147,-865
202,187,158,-865
203,184,142,-863
204,192,137,-848
205,188,145,-864
206,200,135,-925
207,192,135,-930
208,196,131,-901
209,199,136,-875
210,182,143,-866
211,192,147,-866
212,199,145,-857
213,208,127,-864
214,199,127,-866
215,192,135,-901
216,184,134,-898
217,174,147,-893
218,176,143,-885
219,184,143,-893
220,190,140,-872
221,196,150,-887
222,212,148,-889
223,196,144,-868
224,199,140,-871
225,195,143,-880
226,179,137,-866
227,191,140,-861
228,200,135,-869
229,200,127,-897
230,200,127,-897
231,209,140,-920
232,214,145,-912
233,212,151,-900
234,184,140,-900
235,179,151,-884
236,174,144,-851
237,167,121,-852
238,184,126,-852
239,185,127,-859
240,201,132,-884
241,211,143,-925
242,199,140,-908
243,207,153,-889
244,188,148,-871
245,175,143,-847
246,187,142,-861
247,207,115,-857
248,207,111,-845
249,203,126,-857
250,195,117,-890
251,190,142,-904
252,187,152,-900
253,169,156,-925
254,187,156,-877
255,179,159,-868
256,182,151,-865
257,196,144,-848
258,200,124,-850
259,193,123,-889
260,196,115,-909
261,195,115,-921
262,184,126,-897
263,193,142,-891
264,188,144,-864
265,192,158,-849
266,201,155,-836
267,199,148,-860
268,188,144,-886
269,192,131,-881
270,184,135,-904
271,176,152,-900
272,180,144,-888
273,192,153,-897
274,188,147,-869
275,199,144,-868
276,212,147,-865
277,215,119,-861
278,184,112,-884
279,183,135,-899
280,182,142,-921
281,182,143,-909
282,184,148,-887
283,184,144,-849
284,186,159,-860
285,192,144,-840
286,207,135,-833
287,201,124,-881
288,201,124,-881
289,207,124,-900
290,195,131,-944
291,176,135,-912
292,183,169,-865
293,182,159,-872
294,188,166,-848
295,184,156,-850
296,195,126,-857
297,198,110,-861
298,204,120,-879
299,203,124,-903
300,192,140,-932
301,204,142,-932
302,195,148,-901
303,183,163,-865
304,183,167,-833
305,177,143,-842
306,178,116,-840
307,188,119,-850
308,185,120,-858
309,192,124,-897
310,195,136,-929
311,201,156,-927
312,207,151,-893
313,199,151,-864
314,190,163,-852
315,196,158,-861
316,196,127,-864
317,192,123,-874
318,190,126,-856
319,192,124,-884
320,204,134,-904
321,209,135,-928
322,204,136,-910
323,184,156,-872
324,175,153,-866
325,173,158,-861
326,176,151,-848
327,198,140,-864
328,203,136,-876
329,199,121,-904
330,185,137,-913
331,180,150,-890
332,185,159,-888
333,183,163,-861
334,199,160,-878
335,206,143,-853
336,199,128,-849
337,200,129,-866
338,188,127,-905
339,187,131,-912
340,187,133,-912
341,188,134,-884
342,187,143,-873
343,183,166,-876
344,188,172,-865
345,196,148,-844
346,196,148,-844
347,195,128,-849
348,203,124,-868
349,191,112,-905
350,190,127,-922
351,183,142,-913
352,190,152,-879
353,191,172,-865
354,190,179,-869
355,192,172,-872
356,198,147,-872
357,188,131,-866
358,195,112,-897
359,182,112,-897
360,182,99,-920
361,195,123,-917
362,184,147,-868
363,184,159,-852
364,182,172,-849
365,192,167,-852
366,190,147,-852
367,192,129,-873
368,182,123,-900
369,188,113,-909
370,192,116,-919
371,188,127,-913
372,195,151,-878
373,188,163,-856
374,199,159,-863
375,197,140,-856
376,192,124,-854
377,188,129,-873
378,184,134,-897
379,188,132,-912
380,187,134,-898
381,191,142,-895
382,204,152,-880
383,204,159,-865
384,199,152,-877
385,195,143,-865
386,182,144,-865
387,168,131,-872
388,179,126,-866
389,188,127,-878
390,196,127,-893
391,198,147,-884
392,195,144,-903
393,195,163,-884
394,195,167,-857
395,179,144,-868
396,182,144,-857
397,179,137,-880
398,176,144,-856
399,192,124,-878
400,201,139,-889
401,204,127,-898
402,200,143,-897
403,190,159,-911
404,190,159,-911
405,182,163,-920
406,184,147,-945
407,176,123,-872
408,188,112,-839
409,198,132,-800
410,215,153,-784
411,227,167,-788
412,228,120,-849
413,243,76,-895
414,248,40,-969
415,238,51,-964
416,224,96,-938
417,175,135,-871
418,124,172,-769
419,104,240,-724
420,142,243,-810
421,184,185,-881
422,246,127,-943
423,300,95,-993
424,284,76,-985
425,224,108,-841
426,203,195,-722
427,204,211,-639
428,231,163,-650
429,248,99,-718
430,275,31,-890
431,262,-4,-1000
432,216,7,-993
433,199,88,-960
434,207,143,-953
435,235,182,-921
436,263,183,-852
437,287,182,-752
438,313,139,-804
439,304,103,-845
440,273,103,-889
441,252,121,-922
442,211,126,-936
443,215,155,-888
444,255,167,-801
445,254,169,-778
446,259,159,-732
447,263,136,-784
448,278,112,-902
449,280,103,-984
450,254,112,-981
451,257,95,-969
452,312,96,-948
453,323,80,-890
454,327,103,-808
455,327,103,-808
456,326,102,-808
457,304,91,-850
458,268,115,-876
459,252,140,-920
460,259,143,-967
461,240,126,-921
462,279,140,-833
463,287,168,-823
464,278,191,-824
465,280,207,-810
466,271,176,-833
467,263,159,-874
468,272,148,-896
469,294,124,-898
470,280,120,-865
471,285,137,-834
472,305,179,-848
473,319,159,-858
474,318,116,-832
475,307,75,-842
476,298,46,-857
477,287,46,-837
478,272,86,-861
479,268,145,-889
480,260,201,-928
481,248,224,-897
482,255,238,-868
483,284,193,-849
484,304,139,-813
485,291,105,-793
486,270,99,-793
487,249,127,-863
488,248,167,-938
489,252,201,-984
490,273,200,-988
491,316,179,-940
492,332,160,-873
493,331,143,-788
494,331,127,-749
495,304,112,-753
496,240,120,-808
497,255,143,-894
498,251,137,-970
499,256,134,-961
500,278,142,-905
501,294,167,-840
502,302,188,-781
503,312,192,-778
504,311,158,-815
505,280,102,-893
506,262,81,-924
507,265,73,-933
508,284,72,-946
509,264,102,-915
510,264,102,-915
511,263,176,-817
512,273,198,-787
513,271,191,-801
514,286,184,-858
515,268,151,-910
516,255,126,-941
517,263,120,-927
518,259,143,-889
519,256,147,-828
520,272,152,-775
521,287,150,-788
522,283,134,-857
523,268,108,-884
524,275,112,-868
525,280,76,-877
526,280,86,-872
527,268,111,-837
528,259,160,-808
529,240,195,-825
530,240,195,-818
531,264,176,-865
532,275,124,-911
533,251,105,-911
534,252,103,-884
535,236,127,-821
536,233,153,-797
537,243,168,-775
538,248,159,-817
539,252,143,-889
540,259,111,-908
541,264,92,-925
542,262,83,-901
543,254,79,-864
544,247,99,-805
545,240,137,-756
546,224,159,-749
547,219,198,-817
548,236,179,-893
549,248,148,-953
550,252,136,-932
551,252,115,-892
552,252,136,-817
553,263,158,-754
554,259,167,-769
555,279,159,-856
556,280,112,-925
557,272,71,-923
558,287,48,-949
559,267,31,-900
560,248,88,-852
561,230,161,-799
562,216,215,-797
563,224,233,-828
564,248,220,-892
565,248,220,-892
566,265,153,-960
567,264,112,-953
568,255,87,-913
569,252,92,-842
570,255,135,-787
571,259,147,-783
572,260,151,-844
573,271,119,-921
574,275,71,-941
575,279,33,-945
576,263,32,-898
577,231,87,-824
578,209,168,-788
579,220,215,-783
580,227,217,-833
581,240,168,-889
582,241,124,-906
583,255,95,-916
584,286,63,-902
585,286,73,-893
586,252,120,-855
587,239,180,-802
588,244,189,-784
589,249,156,-801
590,252,115,-877
591,256,81,-932
592,262,94,-960
593,251,120,-909
594,247,148,-848
595,263,154,-788
596,263,159,-764
597,254,160,-784
598,238,148,-865
599,240,147,-921
600,255,103,-967
601,288,76,-960
602,289,41,-901
603,275,96,-848
604,240,155,-785
605,241,210,-789
606,231,199,-833
607,236,152,-877
608,268,104,-930
609,271,67,-959
610,270,62,-936
611,248,112,-908
612,238,168,-840
613,238,217,-769
614,230,207,-765
615,239,156,-812
616,243,111,-868
617,240,88,-916
618,242,67,-916
619,264,94,-913
620,264,94,-913
621,263,111,-865
622,264,155,-836
623,275,176,-844
624,267,168,-868
625,276,136,-878
626,279,118,-865
627,284,80,-871
628,275,70,-887
629,254,112,-921
630,225,145,-922
631,241,199,-904
632,262,167,-864
633,264,144,-834
634,260,103,-788
635,263,111,-804
636,224,124,-874
637,224,163,-928
638,238,167,-927
639,248,156,-910
640,275,123,-857
641,278,112,-809
642,264,131,-735
643,271,148,-761
644,240,144,-897
645,231,131,-947
646,243,142,-949
647,255,115,-921
648,260,99,-872
649,281,127,-782
650,271,166,-771
651,240,204,-781
652,198,207,-825
653,211,211,-914
654,240,176,-961
655,267,127,-957
656,307,96,-880
657,304,99,-820
658,285,151,-799
659,271,191,-769
660,248,199,-820
661,256,158,-932
662,262,87,-957
663,271,51,-975
664,284,62,-932
665,279,96,-877
666,271,161,-807
667,280,175,-823
668,255,172,-865
669,211,135,-864
670,199,108,-898
671,192,96,-909
672,224,131,-950
673,232,147,-889
674,255,184,-858
675,255,184,-858
676,271,177,-827
677,262,179,-797
678,247,148,-821
679,236,134,-853
680,217,105,-864
681,211,107,-887
682,251,120,-943
683,273,124,-965
684,270,164,-865
685,255,182,-810
686,275,190,-825
687,270,172,-852
688,223,159,-866
689,215,147,-857
690,233,140,-832
691,230,135,-812
692,243,156,-840
693,240,176,-884
694,247,209,-895
695,263,224,-912
696,279,180,-860
697,255,156,-847
698,231,152,-817
699,203,176,-764
700,192,219,-822
701,227,210,-856
702,231,185,-941
703,267,156,-1016
704,284,120,-976
705,294,113,-921
706,300,103,-848
707,281,120,-797
708,263,119,-793
709,220,103,-794
710,215,94,-849
711,212,67,-960
712,224,78,-1026
713,247,99,-976
714,270,129,-916
715,263,206,-832
716,239,236,-754
717,216,263,-736
718,188,208,-776
719,163,177,-868
720,201,151,-880
721,217,115,-944
722,271,140,-941
723,275,147,-884
724,300,207,-845
725,295,192,-841
726,280,204,-849
727,260,159,-877
728,243,115,-856
729,227,75,-877
730,227,75,-877
731,215,86,-845
732,192,140,-800
733,209,220,-786
734,235,240,-825
735,238,248,-905
736,243,208,-916
737,274,176,-925
738,297,118,-921
739,299,88,-887
740,255,92,-832
741,220,143,-781
742,196,172,-788
743,191,158,-831
744,192,147,-863
745,199,136,-879
746,240,152,-865
747,251,155,-859
748,238,179,-872
749,246,195,-887
750,254,183,-896
751,239,166,-881
752,247,147,-850
753,268,124,-858
754,271,92,-856
755,240,105,-830
756,222,161,-834
757,235,188,-848
758,227,160,-852
759,241,144,-865
760,246,129,-873
761,220,144,-836
762,212,179,-873
763,227,209,-932
764,233,224,-961
765,257,208,-938
766,288,171,-909
767,287,137,-857
768,289,111,-820
769,270,103,-810
770,198,108,-837
771,190,159,-857
772,199,174,-928
773,231,142,-960
774,265,108,-889
775,302,97,-868
776,286,118,-839
777,240,167,-832
778,211,216,-834
779,206,224,-861
780,216,172,-884
781,238,142,-897
782,272,95,-907
783,293,84,-880
784,265,124,-847
785,259,168,-802
786,247,184,-817
787,247,184,-817
788,224,192,-852
789,206,167,-896
790,207,161,-872
791,244,148,-896
792,265,132,-884
793,259,159,-868
794,244,201,-820
795,248,206,-828
796,252,188,-859
797,243,152,-884
798,251,131,-884
799,239,144,-860
800,255,155,-877
801,248,168,-868
802,227,188,-879
803,231,207,-864
804,252,191,-857
805,270,163,-912
806,296,127,-906
807,288,120,-880
808,260,139,-813
809,211,180,-809
810,196,195,-810
811,199,192,-820
812,214,169,-882
813,280,123,-933
814,304,97,-945
815,308,108,-932
816,291,140,-879
817,262,192,-845
818,247,224,-812
819,231,200,-831
820,207,158,-853
821,216,135,-881
822,248,110,-929
823,280,124,-890
824,275,164,-848
825,257,223,-813
826,241,248,-804
827,225,231,-793
828,230,179,-818
829,240,108,-882
830,265,67,-936
831,278,87,-928
832,259,112,-865
833,247,185,-836
834,240,235,-845
835,236,231,-855
836,230,195,-847
837,231,163,-884
838,254,127,-936
839,268,112,-887
840,279,118,-865
841,260,143,-852
842,232,191,-825
843,216,203,-815
844,216,203,-815
845,207,196,-837
846,233,166,-890
847,255,151,-877
848,287,136,-880
849,302,127,-889
850,295,140,-863
851,262,156,-853
852,222,192,-848
853,208,192,-856
854,223,183,-853
855,246,168,-879
856,283,143,-953
857,305,135,-948
858,284,143,-925
859,238,176,-848
860,188,211,-760
861,159,243,-712
862,147,239,-751
863,168,204,-825
864,217,147,-916
865,271,99,-945
866,304,96,-957
867,344,128,-948
868,372,167,-945
869,332,176,-861
870,278,188,-791
871,204,179,-729
872,151,177,-737
873,148,155,-793
874,134,144,-866
875,167,160,-888
876,243,184,-973
877,295,171,-993
878,352,211,-993
879,371,208,-925
880,344,215,-841
881,296,212,-765
882,239,168,-760
883,171,130,-781
884,134,143,-777
885,120,156,-848
886,175,196,-941
887,240,209,-948
888,304,208,-909
889,339,206,-873
890,351,191,-826
891,321,174,-816
892,268,131,-812
893,225,94,-817
894,206,79,-845
895,199,65,-935
896,199,65,-935
897,206,96,-952
898,233,137,-862
899,278,180,-810
900,304,180,-831
901,302,185,-836
902,270,152,-841
903,248,104,-865
904,223,75,-912
905,227,87,-945
906,223,121,-888
907,236,188,-865
908,256,232,-892
909,236,240,-895
910,224,279,-912
911,240,252,-952
912,263,199,-906
913,249,175,-858
914,236,179,-815
915,225,185,-775
916,207,206,-780
917,211,184,-845
918,263,151,-881
919,275,121,-957
920,319,104,-946
921,335,102,-948
922,316,112,-911
923,284,152,-860
924,240,191,-791
925,199,179,-773
926,183,152,-808
927,179,120,-880
928,231,119,-970
929,280,111,-970
930,263,153,-952
931,280,222,-924
932,284,259,-837
933,286,246,-813
934,241,190,-768
935,180,146,-748
936,159,136,-776
937,172,137,-836
938,219,152,-983
939,255,156,-992
940,284,169,-936
941,319,192,-912
942,319,185,-828
943,275,183,-777
944,236,152,-772
945,201,132,-757
946,185,124,-816
947,204,103,-955
948,259,142,-1015
949,278,138,-922
950,278,138,-922
951,323,167,-872
952,327,167,-840
953,296,172,-803
954,241,152,-760
955,190,137,-729
956,160,97,-784
957,160,87,-879
958,201,120,-1026
959,211,143,-977
960,255,220,-944
961,304,255,-880
962,313,260,-797
963,271,246,-764
964,185,208,-737
965,153,177,-740
966,159,135,-836
967,177,78,-909
968,248,97,-1018
969,263,121,-961
970,323,188,-930
971,345,217,-868
972,327,211,-810
973,279,187,-797
974,231,121,-784
975,183,70,-804
976,160,53,-817
977,179,79,-964
978,231,152,-1016
979,248,184,-948
980,295,240,-925
981,307,239,-852
982,283,233,-771
983,263,177,-762
984,216,123,-808
985,191,76,-848
986,174,80,-896
987,217,79,-1000
988,259,138,-976
989,279,191,-928
990,312,240,-851
991,295,255,-781
992,263,217,-765
993,199,171,-744
994,175,143,-804
995,200,116,-904
996,215,102,-1028
997,250,115,-989
998,287,169,-965
999,342,215,-928
1000,312,236,-823
1001,312,236,-823
1002,270,240,-751
1003,217,209,-746
1004,153,158,-745
1005,127,112,-770
1006,192,56,-898
1007,271,28,-1041
1008,283,84,-1015
1009,312,161,-985
1010,358,200,-929
1011,342,243,-813
1012,271,244,-753
1013,199,184,-721
1014,140,150,-703
1015,111,115,-709
1016,152,121,-868
1017,251,105,-1052
1018,271,114,-1029
1019,311,176,-986
1020,340,211,-921
1021,368,249,-852
1022,302,231,-810
1023,232,190,-781
1024,156,120,-780
1025,140,95,-759
1026,152,65,-861
1027,220,78,-1053
1028,231,108,-1008
1029,275,195,-952
1030,315,220,-911
1031,331,240,-865
1032,294,208,-784
1033,241,137,-730
1034,193,99,-769
1035,152,80,-840
1036,168,83,-911
1037,216,88,-1000
1038,231,121,-985
1039,291,198,-949
1040,323,236,-876
1041,315,255,-793
1042,275,231,-761
1043,211,168,-793
1044,184,124,-825
1045,188,80,-865
1046,199,35,-944
1047,243,104,-980
1048,237,120,-954
1049,237,120,-954
1050,304,216,-900
1051,292,232,-812
1052,251,270,-761
1053,216,225,-772
1054,177,163,-832
1055,190,120,-834
1056,199,83,-936
1057,255,76,-1015
1058,268,115,-954
1059,286,177,-906
1060,304,243,-820
1061,275,238,-754
1062,240,214,-770
1063,195,153,-802
1064,192,92,-850
1065,194,48,-911
1066,240,54,-993
1067,255,111,-928
1068,265,167,-899
1069,263,247,-836
1070,252,264,-813
1071,248,230,-818
1072,195,135,-818
1073,183,102,-840
1074,222,73,-908
1075,259,83,-976
1076,259,144,-909
1077,267,192,-879
1078,255,211,-855
1079,230,214,-793
1080,188,195,-797
1081,168,160,-788
1082,193,134,-850
1083,224,71,-953
1084,272,80,-1008
1085,276,104,-954
1086,286,161,-920
1087,278,195,-885
1088,257,238,-804
1089,227,240,-777
1090,192,190,-797
1091,166,152,-809
1092,174,132,-853
1093,217,151,-941
1094,248,159,-938
1095,295,175,-957
1096,313,177,-928
1097,316,166,-887
1098,289,152,-849
1099,247,124,-799
1100,184,103,-788
1101,184,103,-788
1102,153,112,-781
1103,120,131,-813
1104,159,166,-889
1105,200,172,-920
1106,262,200,-948
1107,304,193,-967
1108,337,188,-927
1109,318,174,-852
1110,287,158,-823
1111,215,143,-809
1112,145,143,-806
1113,135,147,-792
1114,164,131,-850
1115,224,108,-943
1116,284,108,-948
1117,294,131,-932
1118,300,175,-872
1119,281,208,-831
1120,236,212,-802
1121,185,195,-776
1122,172,155,-842
1123,199,95,-882
1124,199,56,-944
1125,248,104,-938
1126,268,135,-889
1127,283,196,-861
1128,268,216,-805
1129,231,211,-817
1130,224,172,-861
1131,227,121,-877
1132,223,49,-927
1133,248,62,-947
1134,249,89,-904
1135,224,147,-848
1136,207,224,-808
1137,195,243,-797
1138,192,216,-842
1139,220,169,-909
1140,219,112,-921
1141,248,105,-932
1142,278,115,-884
1143,252,153,-864
1144,208,207,-784
1145,182,227,-770
1146,184,220,-804
1147,184,156,-857
1148,231,89,-921
1149,281,56,-986
1150,313,77,-969
1151,318,127,-936
1152,291,189,-868
1153,248,224,-792
1154,185,224,-768
1155,185,224,-768
1156,143,182,-759
1157,127,127,-799
1158,159,91,-884
1159,240,79,-976
1160,278,104,-980
1161,307,134,-962
1162,316,176,-922
1163,305,216,-880
1164,271,198,-845
1165,207,158,-810
1166,167,108,-793
1167,136,100,-777
1168,157,110,-864
1169,220,123,-920
1170,240,147,-916
1171,273,198,-936
1172,288,228,-912
1173,297,240,-904
1174,296,191,-932
1175,287,115,-944
1176,252,67,-921
1177,216,48,-847
1178,180,79,-817
1179,136,113,-810
1180,136,171,-821
1181,152,184,-848
1182,193,156,-927
1183,255,104,-968
1184,286,62,-976
1185,286,28,-959
1186,287,87,-909
1187,259,147,-866
1188,207,184,-824
1189,169,216,-808
1190,131,201,-833
1191,121,182,-832
1192,127,179,-868
1193,167,179,-976
1194,236,174,-986
1195,262,188,-929
1196,263,174,-861
1197,267,183,-829
1198,249,172,-800
1199,219,153,-776
1200,158,129,-769
1201,132,120,-797
1202,115,120,-857
1203,168,174,-945
1204,200,167,-940
1205,255,172,-929
1206,280,147,-879
1207,296,135,-865
1208,264,120,-832
1209,203,113,-809
1210,203,113,-809
1211,167,120,-826
1212,142,115,-849
1213,108,143,-833
1214,145,155,-912
1215,171,158,-898
1216,214,179,-861
1217,259,171,-884
1218,263,159,-920
1219,252,163,-912
1220,223,135,-900
1221,211,120,-882
1222,190,108,-829
1223,171,100,-794
1224,179,125,-781
1225,188,136,-809
1226,204,136,-856
1227,207,124,-937
1228,255,145,-976
1229,252,121,-999
1230,246,136,-952
1231,251,168,-892
1232,231,169,-826
1233,207,161,-801
1234,183,156,-808
1235,144,127,-813
1236,142,127,-864
1237,172,135,-957
1238,222,136,-980
1239,227,115,-938
1240,248,147,-882
1241,271,145,-839
1242,236,127,-824
1243,199,143,-856
1244,176,132,-869
1245,176,131,-864
1246,185,127,-916
1247,220,115,-928
1248,232,121,-889
1249,222,151,-857
1250,222,174,-829
1251,211,180,-848
1252,193,159,-880
1253,220,116,-876
1254,220,83,-872
1255,243,80,-912
1256,231,111,-922
1257,236,152,-904
1258,209,163,-865
1259,211,179,-842
1260,187,171,-836
1261,191,177,-878
1262,172,159,-872
1263,184,141,-897
1264,179,151,-897
1265,163,160,-909
1266,190,163,-864
1267,190,163,-864
1268,200,174,-865
1269,230,147,-893
1270,247,118,-882
1271,227,103,-889
1272,232,96,-897
1273,204,132,-877
1274,198,139,-880
1275,192,140,-840
1276,185,161,-857
1277,191,166,-872
1278,227,143,-921
1279,233,108,-925
1280,230,83,-933
1281,227,102,-925
1282,216,137,-881
1283,192,172,-834
1284,175,190,-781
1285,184,195,-802
1286,187,163,-877
1287,220,126,-936
1288,248,80,-968
1289,278,95,-953
1290,268,96,-897
1291,227,139,-802
1292,209,196,-752
1293,192,188,-735
1294,172,156,-793
1295,182,115,-855
1296,136,107,-898
1297,155,159,-1021
1298,185,201,-952
1299,233,208,-901
1300,259,209,-824
1301,233,214,-738
1302,220,184,-721
1303,230,105,-832
1304,233,6,-961
1305,208,-13,-1010
1306,259,25,-1060
1307,238,79,-980
1308,248,179,-889
1309,230,262,-777
1310,183,300,-697
1311,163,254,-705
1312,147,185,-797
1313,166,63,-864
1314,176,48,-969
1315,224,72,-1036
1316,248,127,-978
1317,286,195,-957
1318,286,195,-957
1319,300,254,-877
1320,259,265,-784
1321,200,231,-784
1322,179,164,-820
1323,159,76,-912
1324,184,32,-896
1325,182,39,-957
1326,262,103,-1025
1327,275,177,-986
1328,279,243,-924
1329,271,228,-856
1330,246,185,-836
1331,231,139,-839
1332,211,78,-860
1333,188,47,-864
1334,156,60,-856
1335,147,113,-897
1336,195,184,-866
1337,179,206,-826
1338,192,251,-735
1339,185,235,-717
1340,201,195,-793
1341,207,147,-900
1342,204,110,-925
1343,204,112,-968
1344,252,112,-953
1345,255,115,-857
1346,243,151,-756
1347,185,176,-704
1348,145,187,-708
1349,166,176,-793
1350,192,134,-871
1351,238,87,-1032
1352,303,79,-1133
1353,284,103,-1106
1354,328,168,-992
1355,320,199,-820
1356,240,231,-704
1357,148,246,-653
1358,81,212,-713
1359,91,136,-848
1360,118,115,-977
1361,206,112,-1112
1362,275,124,-1063
1363,339,176,-1024
1364,339,176,-1024
1365,364,222,-895
1366,319,263,-712
1367,249,239,-680
1368,141,182,-720
1369,65,115,-769
1370,73,76,-861
1371,126,55,-994
1372,272,88,-1088
1373,304,128,-1048
1374,339,223,-1009
1375,376,275,-879
1376,359,287,-777
1377,280,238,-762
1378,172,172,-743
1379,82,145,-717
1380,80,152,-753
1381,127,153,-946
1382,223,135,-1197
1383,268,147,-1128
1384,320,167,-1049
1385,388,159,-905
1386,408,140,-735
1387,297,153,-663
1388,156,147,-676
1389,44,156,-717
1390,31,142,-781
1391,51,140,-961
1392,176,111,-1108
1393,276,108,-988
1394,353,166,-968
1395,412,207,-891
1396,391,231,-788
1397,273,227,-740
1398,174,209,-756
1399,88,147,-754
1400,80,79,-815
1401,112,70,-930
1402,188,87,-1017
1403,252,160,-936
1404,307,230,-888
1405,345,249,-908
1406,345,249,-908
1407,344,240,-836
1408,288,216,-879
1409,201,153,-892
1410,152,108,-860
1411,143,79,-825
1412,144,108,-804
1413,159,147,-813
1414,207,195,-818
1415,217,235,-848
1416,231,225,-904
1417,268,199,-889
1418,271,143,-928
1419,259,103,-894
1420,246,104,-861
1421,215,140,-831
1422,195,190,-864
1423,192,207,-891
1424,193,206,-900
1425,215,176,-909
1426,252,166,-906
1427,259,158,-887
1428,248,198,-845
1429,257,240,-820
1430,232,222,-836
1431,204,223,-864
1432,176,184,-889
1433,191,172,-877
1434,211,152,-865
1435,236,150,-873
1436,246,157,-826
1437,246,167,-845
1438,249,176,-848
1439,264,175,-868
1440,265,121,-895
1441,265,83,-945
1442,283,60,-961
1443,278,71,-894
1444,248,104,-860
1445,230,149,-833
1446,207,179,-788
1447,183,164,-813
1448,168,166,-842
1449,183,150,-830
1450,199,148,-848
1451,238,159,-889
1452,248,168,-900
1453,259,195,-900
1454,255,216,-840
1455,267,222,-840
1456,263,206,-880
1457,262,156,-945
1458,257,120,-952
1459,230,112,-916
1460,240,136,-925
1461,243,160,-925
1462,216,191,-885
1463,216,191,-885
1464,199,240,-836
1465,200,249,-817
1466,199,241,-820
1467,220,184,-841
1468,240,129,-852
1469,231,99,-850
1470,240,95,-874
1471,249,120,-880
1472,240,152,-907
1473,252,183,-872
1474,265,176,-856
1475,259,135,-857
1476,268,118,-858
1477,252,92,-848
1478,233,96,-826
1479,220,115,-857
1480,216,152,-904
1481,211,174,-925
1482,216,188,-879
1483,239,193,-864
1484,272,169,-896
1485,295,140,-924
1486,284,135,-881
1487,259,143,-840
1488,236,136,-866
1489,214,156,-872
1490,200,181,-904
1491,208,179,-873
1492,233,172,-849
1493,240,169,-817
1494,249,168,-808
1495,270,175,-820
1496,263,137,-862
1497,236,144,-893
1498,224,177,-900
1499,207,194,-897
1500,208,199,-916
1501,227,206,-921
1502,260,211,-869
1503,300,216,-813
1504,339,192,-800
1505,326,115,-829
1506,263,87,-861
1507,201,104,-878
1508,184,140,-883
1509,198,135,-881
1510,227,112,-913
1511,248,120,-893
1512,240,143,-866
1513,243,176,-840
1514,268,169,-858
1515,278,132,-915
1516,268,118,-909
1517,257,108,-905
1518,240,124,-852
1519,231,167,-829
1520,227,204,-832
1521,227,204,-832
1522,227,214,-817
1523,236,188,-877
1524,244,156,-941
1525,251,121,-960
1526,252,136,-941
1527,275,136,-912
1528,286,136,-864
1529,279,143,-807
1530,271,143,-797
1531,251,136,-793
1532,231,135,-805
1533,224,127,-852
1534,244,124,-909
1535,248,144,-942
1536,254,188,-930
1537,272,190,-904
1538,291,204,-865
1539,296,195,-836
1540,288,163,-804
1541,268,143,-797
1542,259,120,-817
1543,235,120,-864
1544,246,121,-913
1545,263,144,-936
1546,243,151,-881
1547,249,188,-816
1548,259,193,-764
1549,281,169,-752
1550,273,137,-754
1551,255,99,-832
1552,243,83,-893
1553,228,119,-937
1554,231,147,-978
1555,237,163,-919
1556,241,183,-850
1557,287,172,-800
1558,304,131,-768
1559,312,95,-800
1560,281,66,-865
1561,241,88,-915
1562,216,140,-936
1563,224,191,-945
1564,227,211,-929
1565,252,209,-866
1566,275,199,-817
1567,297,167,-799
1568,321,124,-832
1569,296,92,-872
1570,264,78,-928
1571,228,115,-951
1572,231,155,-957
1573,235,176,-913
1574,239,184,-845
1575,281,188,-797
1576,311,131,-779
1577,312,83,-782
1578,312,83,-782
1579,271,72,-847
1580,244,88,-905
1581,228,143,-1002
1582,251,166,-1033
1583,232,183,-936
1584,223,211,-852
1585,243,211,-817
1586,291,167,-783
1587,323,103,-748
1588,304,33,-776
1589,278,19,-863
1590,232,51,-920
1591,216,123,-959
1592,224,207,-949
1593,233,240,-881
1594,259,246,-840
1595,304,215,-826
1596,327,153,-789
1597,312,95,-776
1598,280,54,-793
1599,236,71,-869
1600,228,112,-975
1601,216,140,-1040
1602,209,183,-1018
1603,216,214,-909
1604,240,198,-813
1605,291,144,-801
1606,334,41,-784
1607,329,-8,-757
1608,274,-25,-741
1609,214,32,-769
1610,160,129,-813
1611,179,223,-880
1612,204,261,-913
1613,268,296,-936
1614,283,252,-932
1615,304,216,-880
1616,307,195,-825
1617,316,148,-847
1618,316,67,-903
1619,303,24,-948
1620,267,33,-928
1621,240,71,-912
1622,219,128,-897
1623,208,184,-861
1624,224,201,-837
1625,263,188,-817
1626,287,139,-841
1627,295,102,-890
1628,286,71,-890
1629,259,86,-911
1630,259,86,-911
1631,243,121,-889
1632,214,153,-858
1633,207,195,-863
1634,231,215,-887
1635,241,184,-874
1636,268,138,-864
1637,280,88,-836
1638,269,63,-832
1639,259,60,-832
1640,239,83,-817
1641,222,140,-817
1642,206,172,-816
1643,224,202,-828
1644,249,198,-848
1645,271,185,-928
1646,289,143,-1005
1647,303,96,-1041
1648,295,55,-983
1649,259,57,-900
1650,216,96,-832
1651,217,158,-810
1652,235,172,-821
1653,259,164,-829
1654,263,112,-852
1655,243,94,-829
1656,232,119,-842
1657,215,150,-831
1658,200,177,-849
1659,204,192,-880
1660,206,214,-897
1661,217,216,-905
1662,230,201,-901
1663,248,155,-872
1664,271,124,-863
1665,262,88,-881
1666,263,73,-900
1667,251,60,-904
1668,225,88,-877
1669,220,120,-864
1670,217,167,-853
1671,216,206,-852
1672,209,223,-836
1673,204,231,-873
1674,207,223,-897
1675,223,211,-912
1676,235,175,-914
1677,241,153,-888
1678,246,124,-908
1679,228,131,-904
1680,222,147,-912
1681,199,166,-882
1682,204,188,-868
1683,216,175,-848
1684,239,175,-817
1685,259,153,-818
1686,279,135,-831
1687,279,135,-831
1688,268,135,-820
1689,241,142,-810
1690,196,167,-832
1691,191,195,-845
1692,188,191,-852
1693,196,197,-877
1694,216,193,-874
1695,241,192,-872
1696,249,182,-877
1697,241,176,-881
1698,240,158,-888
1699,227,157,-900
1700,219,160,-905
1701,228,163,-897
1702,241,159,-873
1703,227,143,-877
1704,236,132,-874
1705,225,158,-852
1706,216,144,-877
1707,200,160,-900
1708,195,167,-897
1709,209,169,-912
1710,230,176,-922
1711,241,182,-913
1712,246,172,-909
1713,231,157,-898
1714,217,140,-898
1715,208,144,-889
1716,195,148,-893
1717,184,163,-909
1718,192,192,-940
1719,224,195,-944
1720,256,182,-979
1721,252,168,-962
1722,227,136,-933
1723,179,123,-894
1724,156,139,-896
1725,168,155,-919
1726,192,164,-920
1727,217,156,-978
1728,251,137,-1040
1729,259,107,-1017
1730,232,113,-957
1731,207,155,-820
1732,192,169,-772
1733,185,156,-824
1734,209,135,-890
1735,188,71,-927
1736,172,41,-881
1737,179,31,-802
1738,184,30,-720
1739,174,59,-738
1740,215,132,-823
1741,180,144,-852
1742,144,150,-869
1743,144,150,-869
1744,169,143,-884
1745,163,115,-893
1746,136,103,-836
1747,135,108,-779
1748,159,111,-756
1749,185,108,-761
1750,208,88,-784
1751,220,79,-834
1752,209,80,-880
1753,216,70,-927
1754,195,75,-948
1755,176,85,-896
1756,166,102,-869
1757,167,112,-840
1758,188,109,-841
1759,184,104,-816
1760,199,104,-849
1761,224,76,-936
1762,211,60,-984
1763,174,49,-943
1764,135,59,-884
1765,134,81,-834
1766,167,119,-833
1767,203,102,-824
1768,208,103,-824
1769,204,120,-865
1770,192,99,-925
1771,196,78,-953
1772,143,35,-913
1773,126,71,-877
1774,127,88,-868
1775,172,99,-856
1776,204,95,-842
1777,231,89,-838
1778,236,103,-861
1779,244,102,-924
1780,236,89,-957
1781,220,54,-963
1782,179,73,-925
1783,146,92,-897
1784,167,89,-868
1785,201,75,-863
1786,227,76,-832
1787,247,79,-844
1788,246,60,-869
1789,225,51,-902
1790,192,55,-909
1791,166,92,-900
1792,171,108,-896
1793,176,118,-865
1794,196,112,-847
1795,219,102,-852
1796,227,86,-861
1797,224,83,-906
1798,208,71,-932
1799,199,72,-912
1800,166,90,-900
1801,166,90,-900
1802,156,115,-861
1803,160,129,-880
1804,179,108,-881
1805,199,78,-872
1806,224,60,-895
1807,243,30,-905
1808,239,10,-917
1809,200,32,-900
1810,176,67,-879
1811,176,94,-881
1812,176,97,-865
1813,184,89,-858
1814,208,86,-885
1815,216,83,-905
1816,224,80,-912
1817,212,99,-889
1818,208,120,-897
1819,204,126,-880
1820,207,120,-882
1821,203,108,-873
1822,184,83,-868
1823,185,71,-865
1824,205,58,-900
1825,214,44,-890
1826,212,38,-913
1827,207,59,-890
1828,203,79,-874
1829,207,92,-861
1830,204,111,-834
1831,200,112,-848
1832,196,99,-879
1833,190,87,-904
1834,192,56,-920
1835,196,33,-932
1836,182,51,-936
1837,190,83,-902
1838,204,86,-884
1839,209,89,-882
1840,220,96,-840
1841,216,89,-836
1842,214,88,-880
1843,199,79,-921
1844,200,64,-927
1845,170,51,-929
1846,143,76,-916
1847,155,111,-880
1848,190,110,-868
1849,209,86,-865
1850,220,79,-832
1851,220,75,-832
1852,208,80,-850
1853,204,67,-900
1854,195,51,-951
1855,183,67,-961
1856,167,93,-916
1857,176,97,-872
1858,204,94,-847
1859,204,94,-847
1860,227,103,-848
1861,240,75,-848
1862,230,52,-832
1863,212,76,-889
1864,216,79,-956
1865,207,76,-953
1866,172,71,-935
1867,152,104,-876
1868,176,103,-866
1869,195,86,-847
1870,224,78,-825
1871,224,71,-829
1872,227,83,-880
1873,219,88,-935
1874,220,70,-929
1875,192,72,-933
1876,171,91,-919
1877,159,92,-901
1878,176,103,-881
1879,195,81,-865
1880,217,79,-856
1881,224,67,-842
1882,231,68,-853
1883,223,70,-884
1884,207,72,-924
1885,192,79,-932
1886,161,89,-911
1887,155,104,-881
1888,179,95,-865
1889,200,94,-852
1890,240,70,-869
1891,241,56,-909
1892,233,52,-893
1893,218,63,-905
1894,192,76,-904
1895,172,81,-916
1896,172,105,-897
1897,163,104,-884
1898,194,115,-869
1899,222,103,-861
1900,220,86,-861
1901,227,75,-861
1902,216,78,-884
1903,187,86,-882
1904,182,94,-893
1905,175,92,-877
1906,174,92,-858
1907,179,96,-864
1908,195,84,-848
1909,222,88,-856
1910,229,73,-888
1911,217,94,-912
1912,216,95,-929
1913,200,94,-927
1914,179,87,-900
1915,176,89,-881
1916,184,81,-877
1917,184,81,-877
1918,207,78,-913
1919,220,70,-873
1920,220,62,-884
1921,212,71,-909
1922,199,79,-912
1923,187,79,-909
1924,161,97,-906
1925,176,110,-877
1926,177,94,-861
1927,188,88,-847
1928,200,88,-845
1929,222,83,-874
1930,217,80,-912
1931,209,87,-919
1932,188,92,-916
1933,179,97,-912
1934,176,121,-881
1935,199,102,-889
1936,199,76,-850
1937,211,63,-857
1938,215,62,-849
1939,208,71,-873
1940,211,73,-916
1941,207,71,-930
1942,184,79,-929
1943,159,113,-904
1944,172,107,-898
1945,193,83,-879
1946,207,78,-848
1947,214,78,-853
1948,214,88,-849
1949,201,76,-876
1950,206,76,-901
1951,195,79,-927
1952,179,83,-935
1953,152,115,-900
1954,176,120,-874
1955,200,115,-857
1956,220,80,-857
1957,233,62,-860
1958,230,60,-874
1959,220,55,-900
1960,185,63,-898
1961,164,79,-914
1962,172,103,-898
1963,158,115,-897
1964,179,116,-908
1965,193,89,-885
1966,211,71,-847
1967,215,54,-840
1968,223,58,-846
1969,211,79,-872
1970,207,100,-916
1971,188,89,-960
1972,183,112,-929
1973,180,104,-924
1974,184,81,-904
1975,184,81,-904
1976,201,68,-872
1977,225,23,-864
1978,230,32,-853
1979,225,28,-857
1980,204,63,-853
1981,192,91,-889
1982,179,118,-925
1983,190,121,-948
1984,171,124,-927
1985,158,124,-880
1986,179,102,-873
1987,211,79,-865
1988,230,51,-836
1989,232,35,-825
1990,232,44,-880
1991,228,48,-929
1992,195,73,-948
1993,175,102,-928
1994,159,119,-887
1995,174,103,-880
1996,195,80,-882
1997,211,72,-863
1998,225,49,-848
1999,225,48,-836
2000,204,57,-848
2001,200,83,-868
2002,200,95,-927
2003,192,103,-954
2004,188,111,-935
2005,167,96,-884
2006,180,103,-866
2007,208,86,-856
2008,220,47,-841
2009,235,28,-855
2010,217,35,-849
2011,200,64,-888
2012,193,92,-929
2013,180,94,-929
2014,168,115,-912
2015,166,118,-897
2016,192,96,-898
2017,210,73,-874
2018,224,44,-864
2019,224,44,-864
2020,222,48,-877
2021,204,61,-872
2022,192,63,-906
2023,184,86,-909
2024,172,107,-909
2025,177,115,-897
2026,193,108,-881
2027,198,87,-897
2028,214,63,-860
2029,216,63,-834
2030,209,63,-834
2031,216,71,-913
2032,212,79,-940
2033,212,79,-940
2034,187,87,-943
2035,172,103,-925
2036,171,104,-896
2037,195,92,-900
2038,224,55,-877
2039,231,39,-852
2040,236,30,-834
2041,227,47,-852
2042,224,80,-898
2043,195,94,-930
2044,162,103,-932
2045,145,135,-890
2046,142,126,-874
2047,188,113,-871
2048,208,77,-857
2049,227,59,-840
2050,224,51,-866
2051,224,65,-904
2052,212,71,-937
2053,204,55,-934
2054,190,76,-924
2055,163,80,-889
2056,171,97,-868
2057,200,91,-859
2058,216,71,-844
2059,224,60,-841
2060,216,72,-855
2061,206,84,-912
2062,216,88,-936
2063,198,86,-930
2064,179,100,-912
2065,179,103,-888
2066,204,95,-889
2067,211,71,-864
2068,227,56,-863
2069,227,51,-863
2070,216,56,-881
2071,199,81,-892
2072,199,79,-898
2073,191,86,-900
2074,166,88,-885
2075,176,108,-897
2076,191,102,-874
2077,214,88,-864
2078,220,70,-865
2079,233,51,-865
2080,216,46,-913
2081,208,64,-930
2082,188,57,-949
2083,172,81,-925
2084,163,103,-874
2085,172,99,-850
2086,217,99,-850
2087,230,71,-848
2088,220,72,-838
2089,207,70,-864
2090,191,79,-925
2091,191,79,-925
2092,191,92,-928
2093,177,81,-928
2094,167,88,-890
2095,176,99,-857
2096,208,96,-885
2097,223,60,-872
2098,236,31,-872
2099,222,47,-877
2100,219,53,-872
2101,200,76,-909
2102,198,81,-924
2103,188,88,-914
2104,167,110,-884
2105,177,121,-863
2106,199,102,-881
2107,216,63,-865
2108,224,56,-825
2109,216,58,-820
2110,216,70,-889
2111,201,71,-946
2112,207,76,-985
2113,180,71,-928
2114,181,81,-866
2115,193,94,-840
2116,227,80,-868
2117,233,51,-848
2118,230,35,-840
2119,203,51,-840
2120,199,99,-888
2121,190,118,-921
2122,183,104,-959
2123,182,108,-922
2124,191,103,-900
2125,193,99,-871
2126,217,80,-865
2127,236,35,-860
2128,235,24,-865
2129,223,31,-888
2130,207,64,-890
2131,176,72,-912
2132,176,100,-913
2133,176,108,-889
2134,192,108,-898
2135,214,89,-880
2136,216,80,-874
2137,232,57,-861
2138,223,45,-858
2139,216,51,-868
2140,198,67,-880
2141,184,95,-920
2142,188,94,-951
2143,184,108,-945
2144,184,103,-900
2145,203,94,-867
2146,220,55,-845
2147,232,44,-841
2148,225,48,-841
2149,225,48,-841
2150,215,55,-858
2151,190,71,-902
2152,177,98,-948
2153,187,102,-957
2154,167,103,-912
2155,182,111,-868
2156,207,99,-881
2157,239,60,-878
2158,243,39,-848
2159,227,42,-840
2160,219,63,-852
2161,192,84,-909
2162,193,110,-932
2163,182,92,-957
2164,176,92,-925
2165,179,102,-897
2166,198,86,-884
2167,224,67,-868
2168,239,32,-840
2169,240,28,-857
2170,223,50,-884
2171,209,62,-924
2172,198,71,-910
2173,174,113,-903
2174,179,112,-908
2175,185,103,-887
2176,200,73,-857
2177,227,48,-852
2178,223,39,-855
2179,212,46,-864
2180,199,67,-881
2181,188,108,-920
2182,179,121,-914
2183,167,124,-900
2184,174,115,-877
2185,208,88,-919
2186,212,71,-884
2187,219,61,-900
2188,201,35,-878
2189,207,47,-881
2190,214,67,-911
2191,206,80,-904
2192,206,70,-884
2193,192,65,-888
2194,195,89,-872
2195,204,89,-877
2196,200,99,-857
2197,196,83,-856
2198,199,97,-881
2199,192,83,-907
2200,191,70,-944
2201,188,76,-941
2202,184,73,-882
2203,199,67,-849
2204,228,79,-866
2205,228,62,-868
2206,224,68,-865
2207,198,72,-860
2208,198,72,-860
2209,183,88,-880
2210,204,97,-952
2211,199,86,-941
2212,182,87,-904
2213,191,81,-880
2214,206,88,-881
2215,232,79,-880
2216,223,64,-861
2217,204,65,-857
2218,184,73,-877
2219,180,88,-877
2220,192,99,-921
2221,188,94,-921
2222,195,84,-908
2223,192,91,-873
2224,201,76,-888
2225,220,63,-868
2226,239,47,-872
2227,230,49,-861
2228,204,57,-865
2229,187,71,-881
2230,182,83,-922
2231,182,95,-925
2232,195,112,-901
2233,199,105,-884
2234,207,94,-877
2235,226,72,-865
2236,227,52,-850
2237,223,36,-904
2238,211,43,-953
2239,192,44,-961
2240,172,70,-904
2241,156,87,-884
2242,184,99,-880
2243,214,83,-887
2244,219,76,-872
2245,217,64,-853
2246,220,60,-861
2247,216,56,-880
2248,209,67,-893
2249,208,79,-911
2250,207,94,-889
2251,163,80,-868
2252,167,95,-865
2253,184,76,-856
2254,195,63,-828
2255,216,52,-831
2256,216,55,-832
2257,220,72,-868
2258,227,71,-935
2259,214,89,-976
2260,187,94,-969
2261,174,87,-905
2262,175,71,-896
2263,220,56,-878
2264,238,16,-872
2265,238,16,-872
2266,231,-1,-847
2267,215,31,-828
2268,208,62,-848
2269,192,92,-882
2270,200,118,-930
2271,206,112,-954
2272,190,103,-936
2273,172,87,-879
2274,199,71,-861
2275,227,44,-848
2276,236,13,-849
2277,231,14,-852
2278,212,28,-872
2279,207,70,-904
2280,200,81,-936
2281,196,103,-941
2282,198,96,-912
2283,195,76,-904
2284,204,62,-877
2285,220,35,-852
2286,238,16,-849
2287,233,24,-860
2288,231,48,-898
2289,209,62,-911
2290,191,102,-896
2291,173,102,-890
2292,172,107,-889
2293,179,88,-865
2294,219,79,-865
2295,220,60,-845
2296,232,39,-857
2297,231,39,-890
2298,227,46,-920
2299,223,56,-928
2300,192,80,-935
2301,191,79,-920
2302,188,72,-897
2303,207,65,-865
2304,208,43,-861
2305,224,35,-850
2306,231,39,-852
2307,215,54,-869
2308,203,86,-893
2309,193,95,-921
2310,198,91,-924
2311,179,100,-901
2312,179,99,-873
2313,207,71,-863
2314,211,31,-856
2315,223,6,-848
2316,219,24,-850
2317,222,54,-896
2318,227,79,-941
2319,228,83,-980
2320,207,87,-960
2321,172,92,-912
2322,179,88,-878
2323,211,68,-877
2324,211,68,-877
2325,214,40,-845
2326,230,31,-832
2327,220,40,-841
2328,207,67,-868
2329,199,83,-900
2330,188,86,-936
2331,182,94,-938
2332,176,89,-905
2333,180,99,-865
2334,222,79,-877
2335,238,40,-877
2336,236,22,-861
2337,230,14,-857
2338,211,38,-865
2339,206,86,-903
2340,196,99,-957
2341,188,92,-954
2342,172,105,-897
2343,182,99,-847
2344,214,76,-842
2345,236,51,-852
2346,239,24,-848
2347,225,31,-856
2348,220,56,-872
2349,193,79,-872
2350,200,115,-941
2351,199,99,-991
2352,192,80,-961
2353,190,64,-900
2354,192,60,-872
2355,227,55,-863
2356,246,24,-862
2357,239,19,-845
2358,215,39,-840
2359,179,59,-832
2360,179,108,-848
2361,172,116,-868
2362,176,119,-873
2363,195,120,-921
2364,207,99,-993
2365,222,78,-1005
2366,220,48,-962
2367,224,19,-908
2368,223,3,-881
2369,230,0,-866
2370,227,16,-912
2371,192,51,-933
2372,184,83,-928
2373,185,84,-892
2374,192,79,-884
2375,200,72,-903
2376,214,63,-904
2377,211,48,-876
2378,192,44,-847
2379,191,56,-825
2380,184,64,-812
2381,182,84,-786
2382,182,84,-786
2383,176,102,-813
2384,169,115,-868
2385,153,108,-881
2386,135,115,-889
2387,152,115,-893
2388,184,120,-881
2389,224,91,-823
2390,248,81,-805
2391,270,46,-852
2392,294,16,-914
2393,268,-13,-937
2394,225,38,-928
2395,208,67,-925
2396,178,105,-872
2397,195,127,-852
2398,216,96,-848
2399,227,88,-833
2400,243,76,-852
2401,240,70,-877
2402,220,116,-904
2403,220,122,-928
2404,222,105,-890
2405,237,96,-836
2406,249,81,-792
2407,260,89,-813
2408,259,103,-853
2409,271,132,-919
2410,263,135,-966
2411,248,110,-961
2412,239,91,-920
2413,246,67,-839
2414,236,56,-756
2415,241,62,-791
2416,255,67,-928
2417,224,63,-1000
2418,195,92,-996
2419,198,57,-1000
2420,231,56,-946
2421,241,54,-865
2422,272,63,-765
2423,278,51,-708
2424,255,44,-759
2425,252,63,-849
2426,263,83,-953
2427,216,107,-1018
2428,199,151,-1033
2429,216,183,-961
2430,232,188,-852
2431,265,161,-769
2432,292,112,-719
2433,280,54,-792
2434,236,31,-912
2435,236,31,-912
2436,215,48,-984
2437,215,87,-1045
2438,163,112,-976
2439,195,161,-872
2440,243,179,-783
2441,286,167,-724
2442,335,127,-720
2443,343,60,-855
2444,302,9,-1017
2445,275,4,-1063
2446,283,3,-1128
2447,221,-17,-1032
2448,236,54,-866
2449,281,102,-753
2450,273,88,-729
2451,262,107,-742
2452,232,115,-817
2453,201,104,-928
2454,199,152,-996
2455,238,155,-1008
2456,220,135,-941
2457,259,156,-853
2458,300,156,-756
2459,302,111,-720
2460,280,83,-785
2461,271,64,-948
2462,216,75,-1025
2463,195,103,-1017
2464,222,143,-991
2465,211,135,-856
2466,255,155,-733
2467,286,135,-645
2468,255,120,-609
2469,227,134,-653
2470,211,172,-909
2471,231,177,-1073
2472,254,179,-1177
2473,268,172,-1096
2474,295,127,-924
2475,339,92,-768
2476,335,38,-631
2477,294,6,-537
2478,215,56,-586
2479,121,123,-781
2480,150,241,-1009
2481,150,241,-1009
2482,184,239,-1185
2483,230,224,-1185
2484,278,172,-1056
2485,380,142,-865
2486,433,25,-658
2487,414,-48,-538
2488,316,-53,-612
2489,192,31,-829
2490,131,143,-1040
2491,103,224,-1041
2492,155,248,-1119
2493,264,190,-1058
2494,335,83,-893
2495,377,48,-741
2496,343,15,-644
2497,291,71,-648
2498,214,139,-793
2499,160,184,-984
2500,123,248,-1055
2501,143,217,-1092
2502,206,147,-1073
2503,327,112,-961
2504,390,28,-824
2505,376,-26,-729
2506,324,-32,-621
2507,264,14,-605
2508,186,76,-769
2509,158,156,-991
2510,185,249,-1104
2511,176,263,-1108
2512,231,255,-903
2513,327,228,-737
2514,359,126,-657
2515,311,71,-568
2516,230,96,-548
2517,179,136,-656
2518,210,171,-1006
2519,265,172,-1226
2520,288,140,-1308
2521,331,87,-1160
2522,331,87,-1160
2523,408,35,-903
2524,451,1,-712
2525,380,-28,-626
2526,235,75,-584
2527,103,192,-573
2528,30,273,-721
2529,99,332,-1031
2530,136,231,-1261
2531,287,199,-1252
2532,447,156,-1169
2533,524,24,-979
2534,520,-42,-761
2535,431,-65,-647
2536,263,7,-633
2537,107,108,-665
2538,20,174,-757
2539,88,312,-1021
2540,116,198,-1248
2541,243,176,-1108
2542,387,163,-964
2543,476,87,-840
2544,440,44,-729
2545,323,63,-660
2546,172,152,-680
2547,96,216,-768
2548,103,208,-882
2549,182,248,-1060
2550,243,183,-1172
2551,361,143,-1009
2552,409,135,-864
2553,398,97,-737
2554,332,100,-624
2555,270,134,-608
2556,175,111,-633
2557,112,111,-776
2558,112,111,-776
2559,156,198,-888
2560,178,185,-1117
2561,320,196,-1111
2562,393,148,-993
2563,460,76,-866
2564,454,15,-740
2565,352,-23,-652
2566,231,35,-657
2567,161,131,-784
2568,123,207,-888
2569,137,279,-1032
2570,231,228,-1172
2571,351,191,-1017
2572,412,167,-896
2573,412,121,-756
2574,370,87,-680
2575,263,96,-688
2576,103,112,-801
2577,56,176,-941
2578,127,264,-1040
2579,169,236,-1184
2580,309,222,-1056
2581,415,180,-861
2582,455,118,-737
2583,393,55,-631
2584,287,62,-642
2585,164,71,-701
2586,127,71,-908
2587,199,96,-1016
2588,222,55,-1149
2589,312,77,-1055
2590,392,104,-904
2591,399,127,-804
2592,321,158,-693
2593,275,183,-687
2594,208,161,-793
2595,187,94,-945
2596,190,105,-1009
2597,190,105,-1009
2598,160,150,-1056
2599,281,256,-997
2600,319,259,-830
2601,350,272,-749
2602,342,192,-704
2603,312,113,-724
2604,227,31,-809
2605,190,7,-921
2606,244,19,-977
2607,258,39,-1005
2608,297,62,-957
2609,307,132,-844
2610,307,188,-770
2611,284,211,-769
2612,265,193,-836
2613,243,135,-941
2614,204,113,-953
2615,214,135,-914
2616,211,159,-884
2617,252,184,-868
2618,334,198,-885
2619,342,135,-913
2620,320,88,-897
2621,307,31,-845
2622,246,14,-831
2623,192,39,-810
2624,147,116,-784
2625,136,188,-861
2626,159,233,-911
2627,236,268,-961
2628,316,199,-948
2629,334,152,-917
2630,316,124,-858
2631,283,135,-781
2632,236,151,-759
2633,206,172,-784
2634,211,135,-888
2635,263,104,-943
2636,302,88,-936
2637,364,50,-901
2638,344,40,-845
2639,254,87,-813
2640,195,175,-768
2641,167,192,-776
2642,161,193,-813
2643,185,160,-824
2644,248,112,-900
2645,262,71,-964
2646,262,71,-964
2647,284,123,-909
2648,262,179,-857
2649,236,225,-791
2650,262,219,-802
2651,284,143,-845
2652,278,75,-925
2653,255,33,-957
2654,264,89,-993
2655,252,128,-944
2656,243,179,-848
2657,249,168,-797
2658,254,184,-770
2659,223,167,-772
2660,199,167,-855
2661,187,177,-857
2662,228,185,-941
2663,271,144,-1017
2664,270,130,-972
2665,252,156,-897
2666,259,192,-852
2667,261,185,-821
2668,263,142,-799
2669,259,64,-818
2670,252,6,-865
2671,240,48,-928
2672,224,88,-935
2673,238,172,-932
2674,219,199,-906
2675,227,224,-881
2676,230,211,-856
2677,231,187,-834
2678,216,143,-856
2679,235,135,-868
2680,240,94,-903
2681,240,88,-896
2682,239,108,-836
2683,254,111,-817
2684,267,112,-885
2685,271,115,-908
2686,259,139,-928
2687,254,137,-938
2688,267,159,-941
2689,236,147,-881
2690,215,155,-845
2691,188,156,-815
2692,167,175,-775
2693,175,188,-796
2694,214,160,-840
2695,251,119,-928
2696,287,97,-977
2697,303,116,-984
2698,276,120,-967
2699,263,144,-904
2700,263,144,-904
2701,238,135,-848
2702,207,135,-778
2703,193,115,-737
2704,211,71,-767
2705,207,78,-834
2706,199,104,-879
2707,228,161,-964
2708,275,223,-960
2709,280,224,-944
2710,289,231,-866
2711,281,192,-817
2712,254,139,-826
2713,236,103,-844
2714,176,78,-857
2715,169,118,-868
2716,199,148,-863
2717,231,166,-852
2718,231,176,-840
2719,248,220,-794
2720,259,232,-781
2721,271,198,-801
2722,255,140,-857
2723,233,94,-909
2724,192,47,-920
2725,179,44,-888
2726,176,56,-850
2727,195,73,-841
2728,215,79,-866
2729,224,79,-909
2730,224,108,-953
2731,224,115,-992
2732,224,145,-947
2733,220,171,-913
2734,207,184,-881
2735,217,193,-873
2736,207,191,-865
2737,216,176,-897
2738,208,169,-898
2739,219,188,-929
2740,219,192,-929
2741,240,183,-873
2742,247,175,-872
2743,255,152,-856
2744,263,140,-872
2745,284,110,-909
2746,243,96,-889
2747,240,100,-904
2748,243,97,-873
2749,224,100,-854
2750,211,132,-848
2751,201,159,-839
2752,208,176,-857
2753,225,176,-900
2754,236,158,-908
2755,227,153,-898
2756,199,161,-911
2757,199,161,-911
2758,235,177,-941
2759,263,163,-941
2760,259,131,-879
2761,248,136,-815
2762,227,143,-797
2763,199,158,-788
2764,167,191,-793
2765,175,192,-857
2766,192,188,-912
2767,252,164,-932
2768,297,147,-925
2769,307,147,-864
2770,318,150,-817
2771,281,129,-808
2772,220,120,-810
2773,147,127,-807
2774,144,127,-871
2775,216,111,-904
2776,236,92,-912
2777,263,96,-881
2778,291,96,-869
2779,270,115,-857
2780,208,148,-833
2781,167,135,-844
2782,152,123,-912
2783,164,120,-956
2784,208,143,-946
2785,249,166,-904
2786,295,176,-903
2787,297,153,-848
2788,268,135,-808
2789,216,103,-849
2790,147,103,-855
2791,112,135,-881
2792,142,156,-920
2793,199,175,-946
2794,255,192,-943
2795,297,182,-893
2796,297,192,-848
2797,272,161,-848
2798,239,127,-904
2799,208,91,-922
2800,177,75,-930
2801,185,127,-913
2802,243,163,-925
2803,271,167,-904
2804,270,184,-829
2805,248,172,-809
2806,206,153,-826
2807,182,135,-868
2808,184,140,-923
2809,204,135,-908
2810,227,156,-909
2811,255,176,-917
2812,284,195,-893
2813,284,195,-893
2814,263,159,-860
2815,228,120,-836
2816,200,92,-829
2817,184,60,-825
2818,185,56,-868
2819,217,73,-893
2820,211,92,-912
2821,223,163,-904
2822,216,185,-887
2823,225,192,-904
2824,220,167,-865
2825,224,126,-868
2826,231,102,-897
2827,264,67,-921
2828,263,56,-912
2829,252,76,-885
2830,227,115,-917
2831,199,152,-897
2832,180,167,-877
2833,171,158,-893
2834,200,147,-920
2835,214,95,-985
2836,216,80,-957
2837,216,108,-938
2838,207,135,-879
2839,210,136,-832
2840,192,115,-831
2841,172,88,-810
2842,167,79,-817
2843,183,59,-881
2844,204,23,-929
2845,216,36,-958
2846,227,83,-946
2847,227,140,-933
2848,227,163,-884
2849,209,179,-865
2850,204,149,-860
2851,193,118,-836
2852,177,99,-848
2853,176,102,-861
2854,195,131,-874
2855,214,140,-852
2856,233,136,-861
2857,240,139,-865
2858,224,132,-889
2859,206,118,-931
2860,188,110,-945
2861,172,76,-941
2862,161,80,-911
2863,158,105,-898
2864,147,123,-897
2865,151,139,-890
2866,158,144,-889
2867,175,127,-909
2868,159,104,-922
2869,156,111,-897
2870,161,119,-850
2871,161,119,-850
2872,167,103,-833
2873,176,96,-850
2874,193,62,-881
2875,183,44,-869
2876,164,51,-857
2877,158,96,-848
2878,161,142,-834
2879,158,150,-841
2880,145,150,-840
2881,126,140,-845
2882,142,139,-857
2883,136,119,-865
2884,136,102,-868
2885,159,100,-864
2886,160,111,-849
2887,171,116,-855
2888,159,111,-865
2889,160,126,-877
2890,167,118,-889
2891,190,99,-913
2892,175,80,-895
2893,161,80,-836
2894,167,104,-833
2895,163,120,-857
2896,174,131,-879
2897,176,136,-921
2898,198,127,-951
2899,199,136,-945
2900,204,148,-909
2901,199,139,-889
2902,179,143,-865
2903,179,140,-897
2904,156,102,-930
2905,145,79,-954
2906,159,99,-957
2907,156,100,-915
2908,171,136,-879
2909,188,161,-865
2910,185,142,-872
2911,177,112,-895
2912,176,102,-940
2913,168,91,-984
2914,179,92,-1025
2915,216,148,-1047
2916,200,179,-957
2917,193,180,-874
2918,176,175,-778
2919,132,156,-749
2920,68,140,-753
2921,63,156,-792
2922,79,152,-857
2923,152,131,-941
2924,227,144,-1028
2925,291,159,-1000
2926,291,159,-1000
2927,291,136,-897
2928,247,127,-812
2929,179,120,-749
2930,103,119,-695
2931,54,119,-721
2932,48,70,-842
2933,96,48,-985
2934,188,72,-1037
2935,248,105,-1093
2936,294,111,-983
2937,323,103,-960
2938,284,76,-889
2939,179,88,-777
2940,59,124,-757
2941,-11,167,-796
2942,-20,179,-904
2943,32,172,-989
2944,127,207,-1005
2945,224,211,-1048
2946,304,167,-993
2947,331,147,-937
2948,316,95,-871
2949,224,80,-830
2950,115,87,-857
2951,44,107,-888
2952,28,137,-872
2953,63,163,-882
2954,152,183,-926
2955,219,147,-944
2956,281,135,-951
2957,291,108,-928
2958,223,88,-865
2959,177,107,-856
2960,144,110,-868
2961,104,104,-906
2962,99,126,-898
2963,108,167,-884
2964,145,216,-841
2965,176,222,-813
2966,192,200,-817
2967,176,166,-848
2968,167,112,-897
2969,183,88,-960
2970,185,81,-978
2971,211,92,-969
2972,251,88,-929
2973,236,71,-828
2974,159,79,-735
2975,159,79,-735
2976,97,134,-695
2977,56,143,-698
2978,30,163,-733
2979,63,148,-830
2980,166,153,-982
2981,263,102,-1085
2982,303,121,-1112
2983,316,115,-1049
2984,281,113,-929
2985,211,129,-866
2986,120,111,-813
2987,44,112,-727
2988,-2,115,-708
2989,-16,147,-815
2990,76,172,-881
2991,174,211,-962
2992,273,190,-1071
2993,339,135,-1056
2994,376,108,-1109
2995,371,87,-1042
2996,288,71,-903
2997,155,95,-825
2998,51,137,-751
2999,-23,159,-701
3000,-68,168,-753
3001,-2,211,-799
3002,78,222,-916
3003,233,195,-1049
3004,352,127,-989
3005,391,127,-1025
3006,360,88,-941
3007,300,97,-836
3008,174,88,-800
3009,65,105,-793
3010,11,111,-781
3011,3,100,-832
3012,79,126,-903
3013,184,166,-985
3014,272,160,-1026
3015,307,156,-904
3016,321,159,-920
3017,267,122,-874
3018,192,132,-825
3019,192,132,-825
3020,104,121,-828
3021,52,139,-823
3022,56,158,-868
3023,126,151,-933
3024,184,168,-970
3025,254,171,-964
3026,295,152,-953
3027,291,126,-880
3028,280,99,-865
3029,195,89,-831
3030,127,99,-848
3031,71,119,-878
3032,65,140,-908
3033,113,169,-904
3034,195,172,-900
3035,236,145,-898
3036,271,131,-857
3037,252,124,-865
3038,204,125,-880
3039,172,121,-920
3040,140,112,-932
3041,156,112,-912
3042,164,111,-897
3043,179,120,-850
3044,167,159,-824
3045,159,172,-816
3046,164,150,-839
3047,176,113,-896
3048,199,83,-964
3049,225,87,-983
3050,236,81,-964
3051,230,129,-920
3052,207,147,-880
3053,164,158,-858
3054,120,140,-808
3055,113,131,-816
3056,108,100,-828
3057,156,96,-872
3058,200,104,-887
3059,235,127,-912
3060,247,143,-917
3061,239,152,-900
3062,228,159,-924
3063,199,135,-930
3064,184,120,-912
3065,153,112,-881
3066,144,127,-873
3067,164,143,-892
3068,180,148,-872
3069,185,158,-850
3070,195,167,-833
3071,209,140,-881
3072,233,92,-902
3073,220,88,-909
3074,220,88,-909
3075,200,87,-905
3076,202,112,-880
3077,184,137,-887
3078,163,160,-848
3079,159,179,-844
3080,188,166,-862
3081,188,126,-911
3082,188,113,-928
3083,195,112,-937
3084,184,120,-925
3085,193,127,-901
3086,184,119,-865
3087,199,119,-841
3088,187,99,-842
3089,184,87,-881
3090,171,103,-908
3091,176,150,-909
3092,191,167,-901
3093,208,163,-917
3094,216,144,-893
3095,215,145,-865
3096,211,118,-848
3097,204,97,-861
3098,184,94,-914
3099,168,102,-905
3100,182,140,-893
3101,188,166,-897
3102,195,160,-865
3103,198,152,-871
3104,204,131,-868
3105,216,108,-877
3106,222,103,-905
3107,217,120,-921
3108,220,135,-949
3109,211,150,-924
3110,190,143,-897
3111,184,120,-881
3112,191,94,-843
3113,171,80,-825
3114,153,92,-827
3115,155,104,-863
3116,167,127,-881
3117,167,145,-896
3118,214,135,-937
3119,223,124,-914
3120,233,126,-879
3121,224,120,-872
3122,224,118,-882
3123,196,112,-905
3124,188,143,-934
3125,199,158,-945
3126,198,155,-921
3127,204,167,-864
3128,214,168,-858
3129,227,153,-844
3130,220,131,-847
3131,203,116,-874
3132,203,116,-874
3133,191,92,-909
3134,191,88,-929
3135,195,99,-892
3136,208,104,-858
3137,235,120,-856
3138,240,134,-864
3139,215,142,-864
3140,191,142,-885
3141,188,147,-872
3142,188,134,-916
3143,207,132,-938
3144,231,95,-912
3145,235,94,-865
3146,238,105,-828
3147,232,96,-836
3148,215,88,-829
3149,176,96,-872
3150,169,97,-925
3151,177,116,-933
3152,184,135,-914
3153,204,145,-929
3154,243,147,-932
3155,272,111,-917
3156,249,79,-860
3157,220,88,-828
3158,172,113,-836
3159,144,143,-887
3160,150,158,-889
3161,167,152,-889
3162,220,132,-873
3163,243,111,-882
3164,265,92,-850
3165,283,65,-865
3166,262,76,-887
3167,215,89,-928
3168,200,112,-944
3169,190,126,-962
3170,209,130,-948
3171,236,120,-884
3172,241,103,-842
3173,231,99,-823
3174,216,105,-840
3175,190,136,-865
3176,174,156,-894
3177,190,135,-921
3178,220,127,-952
3179,240,119,-932
3180,249,124,-868
3181,255,127,-825
3182,243,120,-805
3183,223,87,-840
3184,199,71,-848
3185,188,78,-852
3186,201,88,-889
3187,227,118,-912
3188,246,136,-928
3189,247,145,-900
3190,247,145,-900
3191,240,180,-865
3192,227,174,-836
3193,231,143,-816
3194,211,71,-858
3195,211,48,-913
3196,223,46,-919
3197,244,75,-898
3198,284,99,-920
3199,286,127,-928
3200,268,152,-890
3201,231,163,-864
3202,223,137,-829
3203,211,95,-865
3204,199,67,-872
3205,182,86,-893
3206,204,121,-944
3207,233,156,-1009
3208,238,185,-991
3209,204,206,-912
3210,174,222,-833
3211,228,206,-800
3212,278,95,-798
3213,286,-16,-847
3214,231,-52,-849
3215,177,16,-863
3216,172,96,-897
3217,187,166,-916
3218,206,188,-905
3219,217,191,-866
3220,232,160,-865
3221,263,127,-837
3222,279,73,-815
3223,248,43,-829
3224,225,70,-913
3225,194,112,-991
3226,209,153,-1012
3227,215,169,-994
3228,183,179,-879
3229,159,216,-794
3230,204,215,-777
3231,280,143,-788
3232,316,32,-809
3233,294,-23,-808
3234,247,-16,-841
3235,216,56,-898
3236,231,147,-968
3237,240,191,-993
3238,235,200,-953
3239,214,181,-905
3240,252,172,-845
3241,272,116,-794
3242,272,116,-794
3243,281,60,-809
3244,273,7,-821
3245,231,8,-868
3246,184,83,-900
3247,175,161,-938
3248,199,177,-932
3249,208,184,-861
3250,224,172,-808
3251,241,127,-772
3252,275,71,-797
3253,280,19,-898
3254,280,3,-961
3255,252,63,-964
3256,220,123,-957
3257,204,188,-920
3258,207,227,-901
3259,217,248,-865
3260,225,224,-825
3261,225,153,-778
3262,248,83,-788
3263,227,38,-801
3264,222,39,-903
3265,215,91,-924
3266,191,174,-909
3267,204,230,-890
3268,199,255,-861
3269,239,241,-839
3270,287,167,-865
3271,320,68,-897
3272,335,-9,-968
3273,299,-8,-954
3274,239,71,-919
3275,203,131,-940
3276,193,172,-921
3277,207,192,-881
3278,224,188,-848
3279,243,140,-799
3280,248,124,-772
3281,238,112,-753
3282,240,127,-797
3283,238,143,-848
3284,236,175,-914
3285,224,208,-980
3286,203,219,-1010
3287,201,195,-968
3288,231,144,-911
3289,259,86,-867
3290,275,32,-847
3291,287,19,-847
3292,280,19,-861
3293,247,54,-900
3294,211,131,-887
3295,211,131,-887
3296,208,193,-889
3297,215,243,-882
3298,206,251,-823
3299,233,225,-808
3300,277,173,-844
3301,312,97,-1005
3302,319,39,-1128
3303,321,-16,-1153
3304,276,28,-985
3305,191,103,-825
3306,185,191,-829
3307,219,182,-832
3308,259,144,-817
3309,263,76,-764
3310,230,38,-717
3311,184,57,-696
3312,172,120,-717
3313,163,191,-737
3314,184,231,-752
3315,217,246,-842
3316,264,220,-964
3317,268,158,-993
3318,247,115,-945
3319,231,79,-884
3320,204,88,-849
3321,211,111,-865
3322,221,108,-877
3323,236,112,-909
3324,249,120,-900
3325,233,132,-905
3326,238,161,-889
3327,248,166,-887
3328,236,144,-876
3329,251,144,-906
3330,249,112,-919
3331,265,79,-921
3332,270,41,-961
3333,259,40,-949
3334,257,64,-921
3335,240,80,-872
3336,220,100,-876
3337,216,131,-884
3338,200,159,-860
3339,204,168,-864
3340,222,158,-880
3341,223,136,-871
3342,246,124,-867
3343,243,101,-858
3344,240,108,-868
3345,233,118,-874
3346,222,124,-924
3347,224,127,-964
3348,199,129,-909
3349,199,129,-909
3350,200,135,-848
3351,232,143,-807
3352,227,135,-781
3353,216,140,-785
3354,227,151,-801
3355,224,134,-841
3356,236,128,-905
3357,230,137,-941
3358,220,175,-919
3359,206,193,-850
3360,188,184,-804
3361,179,195,-793
3362,193,159,-844
3363,212,124,-872
3364,216,80,-877
3365,236,72,-900
3366,259,70,-911
3367,272,100,-924
3368,277,121,-945
3369,254,143,-916
3370,217,148,-900
3371,192,155,-889
3372,184,167,-884
3373,182,163,-867
3374,201,151,-856
3375,224,144,-855
3376,248,127,-867
3377,236,120,-860
3378,240,132,-852
3379,211,121,-872
3380,196,142,-893
3381,184,159,-911
3382,207,183,-897
3383,231,179,-896
3384,238,172,-887
3385,251,172,-866
3386,240,161,-880
3387,223,155,-872
3388,216,132,-860
3389,206,127,-877
3390,215,142,-897
3391,211,150,-889
3392,219,176,-877
3393,227,192,-874
3394,223,199,-888
3395,220,207,-887
3396,243,193,-916
3397,240,159,-936
3398,239,135,-944
3399,233,110,-953
3400,241,110,-927
3401,238,105,-900
3402,227,112,-880
3403,214,156,-849
3404,195,176,-868
3405,199,206,-884
3406,208,195,-900
3407,208,195,-900
3408,220,177,-895
3409,228,150,-920
3410,231,116,-914
3411,232,94,-948
3412,241,91,-953
3413,230,107,-965
3414,224,136,-953
3415,195,175,-960
3416,184,207,-952
3417,188,227,-921
3418,176,203,-836
3419,184,156,-817
3420,196,110,-825
3421,203,83,-853
3422,216,71,-871
3423,227,76,-900
3424,216,103,-928
3425,248,140,-952
3426,270,168,-993
3427,272,166,-997
3428,263,151,-981
3429,214,135,-865
3430,179,92,-749
3431,124,57,-661
3432,39,120,-559
3433,142,183,-750
3434,207,140,-840
3435,199,76,-873
3436,235,73,-961
3437,224,80,-995
3438,192,91,-968
3439,174,94,-927
3440,146,103,-846
3441,113,127,-787
3442,132,126,-776
3443,164,123,-786
3444,195,99,-784
3445,236,92,-873
3446,278,72,-938
3447,288,59,-952
3448,263,63,-936
3449,247,94,-927
3450,209,112,-889
3451,179,111,-880
3452,183,104,-832
3453,198,96,-816
3454,216,83,-825
3455,228,88,-861
3456,243,83,-921
3457,252,75,-961
3458,225,99,-953
3459,199,124,-911
3460,180,136,-888
3461,180,136,-888
3462,183,121,-861
3463,191,88,-817
3464,199,78,-789
3465,223,67,-825
3466,231,64,-871
3467,241,76,-909
3468,246,94,-925
3469,240,103,-932
3470,217,135,-932
3471,211,136,-879
3472,230,115,-872
3473,223,71,-857
3474,212,48,-818
3475,230,39,-824
3476,243,44,-874
3477,246,79,-919
3478,215,105,-925
3479,192,152,-928
3480,180,167,-893
3481,156,182,-866
3482,175,176,-842
3483,191,160,-845
3484,223,139,-897
3485,256,103,-903
3486,275,39,-903
3487,259,22,-903
3488,254,17,-908
3489,238,28,-910
3490,238,86,-877
3491,230,86,-861
3492,207,111,-836
3493,199,126,-857
3494,204,115,-871
3495,219,105,-908
3496,222,92,-904
3497,215,95,-877
3498,199,105,-868
3499,223,112,-861
3500,235,118,-843
3501,255,108,-872
3502,259,120,-904
3503,258,111,-912
3504,236,103,-917
3505,220,96,-885
3506,199,88,-867
3507,207,76,-849
3508,233,60,-849
3509,240,67,-848
3510,236,92,-865
3511,233,112,-887
3512,240,127,-925
3513,227,120,-947
3514,227,141,-946
3515,207,121,-932
3516,183,115,-900
3517,188,92,-877
3518,207,47,-832
3519,207,47,-832
3520,230,51,-813
3521,252,75,-808
3522,243,108,-796
3523,248,135,-835
3524,255,151,-912
3525,240,137,-961
3526,218,118,-960
3527,184,96,-904
3528,188,100,-873
3529,222,79,-872
3530,255,56,-865
3531,272,39,-848
3532,272,54,-828
3533,275,72,-865
3534,259,104,-912
3535,238,99,-945
3536,192,102,-929
3537,152,136,-905
3538,167,135,-872
3539,192,137,-857
3540,223,115,-855
3541,240,80,-833
3542,248,102,-825
3543,255,96,-888
3544,255,108,-953
3545,238,103,-980
3546,207,83,-943
3547,200,67,-884
3548,212,67,-849
3549,231,70,-845
3550,252,65,-831
3551,255,79,-816
3552,248,99,-829
3553,240,112,-868
3554,252,110,-909
3555,219,110,-945
3556,188,119,-921
3557,155,115,-884
3558,175,129,-841
3559,220,112,-850
3560,255,89,-863
3561,271,80,-865
3562,270,92,-873
3563,252,113,-916
3564,239,111,-944
3565,230,97,-953
3566,224,70,-913
3567,225,51,-869
3568,231,60,-841
3569,247,67,-836
3570,249,81,-823
3571,248,102,-817
3572,231,112,-820
3573,224,129,-871
3574,220,131,-945
3575,207,103,-961
3576,192,104,-928
3577,192,104,-928
3578,179,103,-852
3579,211,113,-855
3580,254,99,-857
3581,275,72,-852
3582,270,64,-857
3583,241,73,-848
3584,244,96,-908
3585,243,95,-951
3586,231,96,-957
3587,216,83,-905
3588,176,96,-863
3589,207,115,-877
3590,240,104,-861
3591,264,83,-856
3592,265,81,-832
3593,243,99,-851
3594,239,108,-916
3595,216,104,-945
3596,226,97,-945
3597,195,70,-886
3598,192,99,-861
3599,230,96,-840
3600,254,83,-850
3601,278,79,-841
3602,275,80,-849
3603,248,92,-850
3604,239,116,-897
3605,240,99,-946
3606,223,92,-972
3607,201,98,-922
3608,179,103,-848
3609,198,112,-848
3610,230,99,-865
3611,268,84,-877
3612,271,79,-882
3613,255,68,-871
3614,239,94,-884
3615,228,96,-919
3616,231,102,-946
3617,219,88,-914
3618,208,73,-868
3619,224,79,-825
3620,232,76,-841
3621,252,78,-829
3622,254,83,-847
3623,243,92,-845
3624,220,110,-872
3625,220,124,-944
3626,216,115,-961
3627,207,105,-929
3628,199,99,-845
3629,227,108,-836
3630,248,83,-845
3631,276,76,-852
3632,269,67,-847
3633,244,87,-839
3634,244,87,-839
3635,243,119,-872
3636,243,115,-932
3637,232,120,-980
3638,207,94,-945
3639,199,73,-897
3640,212,57,-884
3641,249,64,-864
3642,264,65,-841
3643,263,60,-833
3644,255,103,-832
3645,243,112,-839
3646,231,112,-889
3647,209,105,-925
3648,192,105,-893
3649,204,108,-897
3650,217,99,-890
3651,246,95,-898
3652,252,89,-885
3653,267,89,-859
3654,264,99,-857
3655,255,84,-848
3656,249,70,-878
3657,239,72,-920
3658,216,81,-940
3659,211,80,-924
3660,208,91,-884
3661,220,102,-848
3662,240,100,-836
3663,257,104,-826
3664,263,99,-847
3665,246,88,-866
3666,222,99,-904
3667,225,120,-911
3668,230,110,-932
3669,227,105,-928
3670,235,99,-889
3671,235,99,-873
3672,246,102,-840
3673,262,89,-852
3674,252,81,-865
3675,252,75,-872
3676,225,72,-906
3677,232,79,-936
3678,230,102,-941
3679,224,103,-885
3680,206,103,-852
3681,223,119,-833
3682,240,110,-841
3683,254,89,-849
3684,240,79,-845
3685,236,91,-897
3686,236,102,-941
3687,239,103,-945
3688,233,99,-922
3689,207,95,-892
3690,216,112,-865
3691,236,115,-863
3692,236,115,-863
3693,257,94,-855
3694,246,76,-847
3695,232,71,-841
3696,233,86,-856
3697,239,103,-897
3698,241,99,-948
3699,236,104,-968
3700,223,96,-925
3701,216,79,-877
3702,211,102,-856
3703,243,91,-850
3704,254,78,-846
3705,260,68,-834
3706,248,92,-840
3707,247,100,-872
3708,240,112,-913
3709,220,134,-936
3710,211,131,-920
3711,208,127,-904
3712,215,108,-873
3713,235,92,-873
3714,263,64,-841
3715,260,47,-856
3716,248,71,-866
3717,240,79,-881
3718,231,103,-897
3719,220,120,-895
3720,217,120,-889
3721,225,111,-909
3722,241,96,-887
3723,252,97,-877
3724,248,71,-871
3725,243,83,-863
3726,233,93,-852
3727,225,99,-874
3728,224,90,-904
3729,224,103,-909
3730,228,92,-912
3731,238,79,-872
3732,233,103,-849
3733,241,108,-844
3734,240,99,-852
3735,240,95,-896
3736,236,88,-913
3737,243,78,-925
3738,219,76,-925
3739,216,88,-909
3740,207,95,-866
3741,227,102,-845
3742,249,96,-848
3743,249,92,-845
3744,246,103,-857
3745,248,99,-871
3746,247,102,-900
3747,239,105,-940
3748,230,115,-912
3749,227,105,-882
3750,227,105,-882
3751,215,112,-853
3752,231,124,-866
3753,243,99,-858
3754,263,94,-872
3755,249,82,-904
3756,254,83,-919
3757,233,72,-925
3758,220,83,-930
3759,207,83,-877
3760,194,92,-877
3761,198,96,-845
3762,231,99,-849
3763,247,96,-840
3764,262,92,-857
3765,263,92,-872
3766,264,92,-924
3767,255,88,-962
3768,231,96,-933
3769,207,95,-889
3770,208,88,-852
3771,223,88,-872
3772,240,81,-852
3773,255,71,-857
3774,247,85,-842
3775,240,103,-880
3776,243,112,-897
3777,224,115,-929
3778,207,115,-916
3779,195,99,-893
3780,216,95,-882
3781,236,78,-868
3782,240,75,-856
3783,254,79,-857
3784,256,84,-862
3785,248,105,-871
3786,244,102,-896
3787,227,104,-942
3788,228,107,-948
3789,211,103,-928
3790,222,88,-901
3791,215,78,-865
3792,241,92,-833
3793,251,79,-839
3794,247,72,-840
3795,240,81,-842
3796,220,97,-880
3797,219,124,-914
3798,217,134,-944
3799,216,124,-931
3800,215,119,-885
3801,240,96,-874
3802,255,68,-866
3803,259,44,-858
3804,256,56,-836
3805,243,73,-852
3806,232,103,-868
3807,227,120,-890
3808,227,120,-890
3809,231,120,-936
3810,222,107,-948
3811,217,88,-912
3812,220,75,-889
3813,240,76,-887
3814,252,54,-873
3815,248,63,-837
3816,239,86,-833
3817,225,108,-829
3818,220,112,-841
3819,223,115,-869
3820,223,105,-903
3821,232,110,-944
3822,231,96,-949
3823,239,99,-912
3824,252,72,-909
3825,252,73,-856
3826,240,81,-833
3827,235,79,-828
3828,243,79,-848
3829,222,96,-852
3830,207,107,-861
3831,212,115,-872
3832,227,112,-916
3833,231,108,-928
3834,231,102,-925
3835,231,91,-912
3836,232,79,-880
3837,252,71,-899
3838,241,60,-865
3839,243,59,-848
3840,243,65,-861
3841,240,87,-889
3842,235,100,-912
3843,230,115,-921
3844,220,115,-933
3845,220,119,-884
3846,223,103,-849
3847,241,109,-840
3848,236,91,-849
3849,240,79,-872
3850,233,83,-878
3851,240,89,-904
3852,231,83,-921
3853,232,95,-906
3854,224,88,-881
3855,227,100,-848
3856,231,89,-872
3857,231,75,-868
3858,231,76,-847
3859,231,94,-863
3860,233,105,-890
3861,240,103,-932
3862,243,103,-917
3863,232,96,-927
3864,220,97,-900
3865,211,103,-868
3866,211,103,-868
3867,220,92,-848
3868,235,83,-852
3869,240,68,-861
3870,243,70,-848
3871,231,88,-872
3872,236,110,-909
3873,236,107,-928
3874,236,112,-932
3875,228,103,-920
3876,221,104,-879
3877,230,88,-856
3878,248,67,-858
3879,249,63,-841
3880,240,71,-858
3881,238,88,-847
3882,227,108,-877
3883,227,127,-900
3884,220,124,-916
3885,212,113,-897
3886,220,92,-914
3887,224,83,-881
3888,243,92,-880
3889,247,76,-867
3890,243,68,-865
3891,232,80,-873
3892,232,83,-892
3893,231,97,-924
3894,224,100,-927
3895,216,96,-932
3896,220,95,-909
3897,215,103,-889
3898,223,96,-856
3899,230,86,-837
3900,259,63,-848
3901,247,79,-836
3902,225,76,-856
3903,219,112,-890
3904,220,113,-904
3905,216,105,-900
3906,215,110,-890
3907,209,105,-887
3908,238,110,-897
3909,262,92,-921
3910,243,72,-897
3911,233,63,-874
3912,239,79,-877
3913,227,96,-872
3914,240,96,-866
3915,222,99,-872
3916,223,103,-877
3917,216,110,-909
3918,227,121,-917
3919,224,104,-912
3920,239,96,-907
3921,238,70,-882
3922,239,68,-878
3923,217,70,-855
3924,217,70,-855
3925,232,83,-862
3926,230,86,-849
3927,227,87,-850
3928,231,97,-888
3929,241,110,-889
3930,232,112,-904
3931,240,112,-928
3932,241,102,-913
3933,226,102,-885
3934,225,88,-869
3935,236,73,-863
3936,240,63,-863
3937,239,71,-864
3938,231,79,-866
3939,220,99,-868
3940,223,120,-874
3941,224,124,-893
3942,227,131,-912
3943,230,108,-889
3944,233,86,-872
3945,248,81,-871
3946,259,78,-864
3947,257,65,-881
3948,248,76,-889
3949,224,80,-881
3950,214,91,-885
3951,223,103,-889
3952,222,102,-925
3953,223,105,-912
3954,220,96,-898
3955,219,96,-881
3956,233,95,-868
3957,240,86,-852
3958,247,76,-857
3959,240,75,-856
3960,235,92,-860
3961,227,102,-889
3962,217,105,-888
3963,212,105,-909
3964,217,99,-918
3965,217,87,-892
3966,239,79,-865
3967,248,83,-833
3968,252,64,-848
3969,256,71,-873
3970,238,83,-847
3971,217,92,-861
3972,209,110,-879
3973,208,119,-909
3974,206,119,-911
3975,203,118,-903
3976,209,112,-889
3977,231,104,-872
3978,240,97,-858
3979,233,67,-852
3980,239,75,-865
3981,243,76,-897
3982,243,76,-897
3983,231,81,-904
3984,248,88,-943
3985,243,89,-930
3986,225,92,-903
3987,214,97,-873
3988,216,97,-856
3989,231,89,-865
3990,236,79,-856
3991,236,71,-874
3992,230,76,-870
3993,231,103,-888
3994,232,118,-913
3995,233,127,-922
3996,216,108,-912
3997,216,115,-874
3998,219,113,-881
3999,231,88,-857
4000,243,76,-849
4001,248,60,-873
4002,238,76,-889
4003,224,83,-904
4004,225,84,-929
4005,231,92,-928
4006,230,92,-921
4007,228,92,-874
4008,224,107,-865
4009,231,115,-852
4010,235,102,-845
4011,238,92,-848
4012,216,97,-876
4013,219,107,-911
4014,216,100,-917
4015,224,100,-930
4016,225,102,-904
4017,227,92,-865
4018,232,92,-863
4019,231,92,-848
4020,248,103,-868
4021,236,83,-855
4022,227,86,-877
4023,224,71,-881
4024,224,71,-921
4025,235,83,-911
4026,230,89,-896
4027,241,94,-893
4028,235,97,-864
4029,231,103,-871
4030,215,99,-863
4031,215,97,-877
4032,216,102,-882
4033,220,91,-897
4034,232,103,-927
4035,227,107,-909
4036,231,108,-909
4037,223,103,-892
4038,217,104,-872
4039,227,81,-873
4040,227,81,-873
4041,230,71,-861
4042,231,72,-865
4043,220,83,-857
4044,227,88,-879
4045,225,99,-921
4046,231,112,-936
4047,227,104,-937
4048,222,103,-888
4049,220,112,-874
4050,223,102,-872
4051,238,95,-857
4052,231,76,-856
4053,236,88,-848
4054,222,83,-872
4055,216,99,-877
4056,225,111,-909
4057,225,99,-912
4058,230,96,-900
4059,240,91,-884
4060,240,73,-879
4061,238,96,-877
4062,232,95,-861
4063,228,96,-868
4064,214,84,-872
4065,216,87,-888
4066,228,96,-905
4067,233,92,-913
4068,227,88,-897
4069,227,110,-868
4070,231,103,-865
4071,227,102,-866
4072,232,88,-849
4073,232,86,-865
4074,220,80,-889
4075,224,97,-879
4076,227,88,-881
4077,233,105,-880
4078,233,101,-858
4079,244,103,-881
4080,255,105,-905
4081,254,103,-945
4082,240,103,-938
4083,209,103,-900
4084,204,91,-882
4085,214,64,-868
4086,214,43,-841
4087,231,48,-861
4088,230,44,-861
4089,219,79,-865
4090,211,112,-889
4091,230,123,-897
4092,233,135,-916
4093,217,142,-897
4094,211,140,-879
4095,211,119,-863
4096,220,91,-881
4097,231,63,-881
4098,231,63,-881
4099,230,55,-900
4100,247,57,-911
4101,248,77,-904
4102,252,88,-908
4103,247,92,-901
4104,231,88,-889
4105,215,94,-868
4106,216,83,-873
4107,225,81,-872
4108,235,79,-889
4109,231,88,-908
4110,240,92,-901
4111,227,95,-897
4112,216,112,-868
4113,231,108,-863
4114,224,112,-864
4115,215,111,-874
4116,209,96,-877
4117,220,88,-872
4118,231,76,-906
4119,252,88,-900
4120,251,78,-897
4121,236,88,-884
4122,241,88,-865
4123,243,89,-889
4124,225,83,-872
4125,224,95,-884
4126,216,86,-904
4127,225,96,-904
4128,220,106,-893
4129,220,92,-897
4130,220,102,-893
4131,217,108,-879
4132,220,108,-872
4133,231,104,-852
4134,237,89,-865
4135,224,87,-864
4136,231,71,-873
4137,225,83,-885
4138,239,83,-917
4139,246,81,-928
4140,236,80,-928
4141,223,94,-881
4142,227,108,-871
4143,236,103,-850
4144,233,103,-849
4145,230,86,-857
4146,225,96,-887
4147,224,92,-897
4148,208,94,-874
4149,223,102,-884
4150,236,86,-905
4151,224,81,-910
4152,224,83,-900
4153,211,78,-893
4154,209,89,-889
4155,227,113,-833
4156,243,127,-813
4157,304,39,-1023
4158,272,60,-1056
4159,224,126,-993
4160,236,194,-968
4161,280,231,-898
4162,302,222,-801
4163,332,194,-711
4164,351,131,-772
4165,313,73,-911
4166,287,96,-927
4167,283,120,-946
4168,227,140,-1020
4169,214,192,-1005
4170,271,230,-903
4171,300,196,-785
4172,327,139,-706
4173,324,91,-648
4174,247,72,-697
4175,207,105,-748
4176,216,177,-860
4177,263,193,-1073
4178,239,167,-1108
4179,283,163,-1031
4180,318,153,-916
4181,332,108,-800
4182,383,57,-701
4183,347,23,-628
4184,278,31,-689
4185,247,62,-813
4186,200,147,-916
4187,196,212,-961
4188,160,204,-884
4189,195,240,-799
4190,284,247,-724
4191,319,179,-712
4192,343,97,-823
4193,344,39,-999
4194,284,63,-1072
4195,280,69,-1080
4196,273,54,-1056
4197,263,65,-904
4198,320,124,-751
4199,323,137,-642
4200,271,179,-684
4201,204,240,-737
4202,191,303,-837
4203,191,303,-837
4204,184,278,-957
4205,215,207,-1113
4206,280,102,-1031
4207,344,48,-912
4208,392,6,-776
4209,387,7,-640
4210,335,44,-639
4211,244,99,-737
4212,211,176,-817
4213,221,209,-945
4214,243,152,-1126
4215,268,91,-1066
4216,319,103,-928
4217,355,112,-751
4218,348,130,-665
4219,323,172,-709
4220,252,199,-756
4221,219,184,-881
4222,195,177,-962
4223,174,153,-1033
4224,240,159,-1025
4225,263,147,-913
4226,316,172,-817
4227,327,167,-719
4228,310,136,-695
4229,301,127,-765
4230,259,96,-912
4231,247,99,-1009
4232,255,161,-1032
4233,304,168,-992
4234,327,184,-909
4235,355,192,-841
4236,354,184,-746
4237,315,151,-749
4238,251,153,-813
4239,236,163,-918
4240,228,168,-964
4241,233,194,-993
4242,270,195,-1040
4243,323,207,-914
4244,353,204,-842
4245,359,161,-804
4246,319,143,-746
4247,246,142,-719
4248,207,148,-730
4249,207,148,-730
4250,209,169,-863
4251,236,177,-956
4252,238,192,-1001
4253,307,216,-943
4254,344,225,-881
4255,352,240,-812
4256,344,227,-722
4257,334,208,-761
4258,312,172,-860
4259,287,136,-936
4260,243,108,-938
4261,270,128,-913
4262,280,141,-925
4263,304,163,-852
4264,305,188,-778
4265,291,204,-788
4266,254,223,-824
4267,252,211,-905
4268,255,184,-929
4269,275,184,-921
4270,331,176,-932
4271,327,187,-889
4272,316,216,-796
4273,315,211,-761
4274,300,172,-772
4275,278,124,-845
4276,281,88,-916
4277,295,65,-953
4278,328,88,-952
4279,332,135,-901
4280,300,184,-776
4281,295,232,-729
4282,265,231,-717
4283,238,192,-762
4284,232,152,-817
4285,211,128,-882
4286,231,131,-964
4287,288,134,-967
4288,328,144,-905
4289,352,172,-871
4290,357,176,-797
4291,316,152,-769
4292,291,136,-780
4293,263,108,-844
4294,263,84,-953
4295,239,99,-992
4296,262,139,-1001
4297,280,163,-919
4298,304,239,-877
4299,304,252,-832
4300,271,231,-756
4301,271,231,-756
4302,262,192,-764
4303,243,159,-845
4304,231,134,-904
4305,227,139,-919
4306,284,156,-953
4307,327,175,-905
4308,321,215,-865
4309,339,193,-804
4310,350,156,-770
4311,305,89,-845
4312,263,60,-905
4313,275,73,-884
4314,252,105,-868
4315,272,119,-854
4316,286,153,-804
4317,302,158,-804
4318,275,156,-832
4319,254,163,-836
4320,259,163,-856
4321,278,124,-904
4322,295,86,-897
4323,313,51,-891
4324,315,63,-936
4325,308,102,-1005
4326,292,135,-1008
4327,227,182,-1040
4328,198,216,-1031
4329,224,198,-961
4330,243,155,-921
4331,240,135,-868
4332,227,127,-784
4333,216,158,-801
4334,244,150,-863
4335,243,123,-904
4336,243,140,-924
4337,265,164,-901
4338,278,204,-896
4339,287,208,-840
4340,272,168,-789
4341,263,118,-781
4342,254,81,-812
4343,231,68,-850
4344,225,88,-858
4345,249,131,-901
4346,255,187,-868
4347,241,199,-815
4348,255,224,-840
4349,255,212,-808
4350,216,211,-784
4351,216,191,-805
4352,225,155,-888
4353,236,127,-901
4354,230,127,-925
4355,222,187,-848
4356,222,187,-848
4357,190,240,-791
4358,184,246,-746
4359,207,204,-737
4360,219,135,-820
4361,236,64,-889
4362,270,40,-885
4363,304,71,-896
4364,310,112,-905
4365,303,136,-845
4366,300,160,-809
4367,235,120,-794
4368,200,121,-841
4369,184,97,-927
4370,172,67,-973
4371,211,89,-1007
4372,241,99,-968
4373,247,119,-873
4374,252,182,-840
4375,207,203,-785
4376,159,239,-749
4377,139,227,-849
4378,161,168,-943
4379,159,115,-964
4380,227,126,-1035
4381,295,115,-976
4382,304,163,-889
4383,318,184,-834
4384,299,159,-808
4385,255,131,-820
4386,190,96,-825
4387,168,75,-855
4388,188,86,-884
4389,179,110,-941
4390,248,160,-921
4391,275,167,-912
4392,272,188,-924
4393,232,201,-840
4394,224,199,-817
4395,211,152,-841
4396,210,111,-891
4397,199,83,-912
4398,159,131,-861
4399,207,172,-916
4400,263,220,-937
4401,268,177,-930
4402,262,171,-882
4403,255,152,-881
4404,263,140,-872
4405,233,160,-858
4406,220,144,-865
4407,225,104,-866
4408,207,88,-871
4409,207,88,-871
4410,206,88,-890
4411,231,136,-895
4412,252,135,-896
4413,254,125,-962
4414,248,108,-943
4415,235,142,-856
4416,193,151,-804
4417,177,176,-825
4418,166,187,-813
4419,168,179,-800
4420,204,160,-833
4421,246,172,-945
4422,284,120,-984
4423,295,112,-964
4424,289,99,-898
4425,259,115,-861
4426,220,128,-815
4427,178,127,-777
4428,142,120,-772
4429,142,86,-880
4430,192,115,-986
4431,231,121,-977
4432,230,151,-930
4433,280,199,-904
4434,291,203,-852
4435,268,185,-845
4436,251,159,-863
4437,226,118,-872
4438,188,92,-872
4439,192,131,-881
4440,201,148,-896
4441,192,186,-852
4442,220,195,-805
4443,223,183,-887
4444,232,172,-935
4445,258,143,-953
4446,240,110,-916
4447,232,120,-889
4448,222,143,-869
4449,204,171,-820
4450,195,172,-820
4451,180,135,-798
4452,179,112,-857
4453,215,88,-921
4454,271,99,-972
4455,281,86,-969
4456,271,143,-945
4457,270,183,-905
4458,239,195,-866
4459,187,176,-844
4460,167,174,-816
4461,152,143,-817
4462,192,123,-889
4463,240,99,-958
4464,240,99,-958
4465,263,116,-921
4466,248,137,-889
4467,248,174,-856
4468,239,184,-833
4469,216,179,-846
4470,188,151,-873
4471,179,112,-889
4472,177,120,-900
4473,211,127,-905
4474,220,131,-887
4475,233,151,-861
4476,219,171,-839
4477,199,166,-832
4478,195,139,-904
4479,247,118,-940
4480,236,110,-940
4481,248,145,-904
4482,240,167,-888
4483,201,195,-865
4484,163,228,-832
4485,144,231,-813
4486,167,209,-768
4487,207,156,-769
4488,271,64,-867
4489,345,7,-973
4490,361,30,-992
4491,274,84,-927
4492,227,163,-909
4493,192,184,-904
4494,156,192,-849
4495,167,179,-850
4496,169,140,-848
4497,169,176,-848
4498,196,199,-845
4499,264,176,-893
4500,287,123,-908
4501,295,83,-922
4502,291,81,-945
4503,272,88,-957
4504,252,88,-916
4505,209,107,-829
4506,174,118,-813
4507,143,127,-818
4508,113,172,-817
4509,124,166,-820
4510,179,184,-877
4511,281,144,-969
4512,323,140,-1000
4513,344,132,-975
4514,306,121,-912
4515,270,147,-884
4516,216,140,-831
4517,155,147,-778
4518,155,147,-778
4519,127,135,-788
4520,105,113,-825
4521,161,111,-912
4522,259,126,-976
4523,308,105,-976
4524,342,131,-993
4525,344,147,-913
4526,328,167,-852
4527,267,140,-833
4528,176,130,-826
4529,137,127,-824
4530,108,137,-865
4531,150,167,-927
4532,208,176,-945
4533,263,175,-921
4534,312,172,-905
4535,305,174,-826
4536,291,159,-825
4537,240,113,-825
4538,216,79,-909
4539,192,63,-960
4540,216,111,-1026
4541,229,165,-960
4542,216,203,-848
4543,223,227,-753
4544,211,184,-752
4545,215,110,-817
4546,238,51,-861
4547,225,7,-960
4548,307,88,-1056
4549,316,126,-1016
4550,275,124,-936
4551,280,167,-848
4552,217,161,-796
4553,120,159,-759
4554,79,159,-697
4555,94,136,-778
4556,157,81,-900
4557,259,99,-989
4558,300,115,-936
4559,348,145,-897
4560,355,124,-928
4561,313,143,-905
4562,241,126,-832
4563,180,103,-788
4564,115,95,-785
4565,83,120,-784
4566,139,191,-820
4567,139,191,-820
4568,243,196,-985
4569,248,212,-1048
4570,283,235,-1047
4571,335,200,-1032
4572,356,148,-945
4573,327,83,-808
4574,241,47,-741
4575,143,62,-689
4576,57,113,-657
4577,71,147,-807
4578,176,142,-993
4579,249,144,-1057
4580,323,115,-1047
4581,393,152,-976
4582,406,192,-866
4583,335,185,-804
4584,255,172,-812
4585,172,120,-815
4586,103,83,-832
4587,100,71,-947
4588,179,108,-1009
4589,211,110,-882
4590,268,179,-840
4591,299,183,-813
4592,299,188,-801
4593,275,143,-847
4594,240,55,-935
4595,236,24,-927
4596,262,-1,-938
4597,227,31,-893
4598,193,135,-784
4599,159,211,-697
4600,143,227,-704
4601,163,168,-789
4602,216,120,-912
4603,289,100,-1044
4604,327,103,-1049
4605,364,81,-993
4606,375,124,-941
4607,313,120,-828
4608,199,161,-714
4609,111,174,-648
4610,79,144,-689
4611,86,79,-848
4612,86,79,-848
4613,208,65,-1056
4614,283,76,-1064
4615,356,96,-1097
4616,391,128,-1068
4617,435,206,-945
4618,348,192,-788
4619,211,184,-705
4620,89,176,-676
4621,28,159,-748
4622,91,131,-903
4623,199,76,-1095
4624,300,79,-1061
4625,374,99,-997
4626,423,120,-928
4627,383,144,-800
4628,284,176,-725
4629,176,158,-712
4630,115,110,-708
4631,99,64,-769
4632,144,38,-957
4633,272,71,-1064
4634,339,79,-1015
4635,385,112,-932
4636,377,121,-857
4637,304,152,-778
4638,220,163,-745
4639,135,135,-766
4640,119,115,-821
4641,162,135,-954
4642,252,163,-1041
4643,292,184,-1025
4644,364,215,-973
4645,376,161,-868
4646,332,131,-781
4647,259,112,-708
4648,140,86,-697
4649,111,99,-698
4650,137,112,-845
4651,254,120,-1056
4652,327,143,-1071
4653,359,135,-1076
4654,399,158,-1011
4655,399,158,-1011
4656,387,159,-900
4657,315,156,-776
4658,216,144,-680
4659,140,116,-660
4660,73,105,-684
4661,79,97,-807
4662,224,153,-1009
4663,319,150,-1080
4664,364,176,-1109
4665,392,176,-1057
4666,448,186,-948
4667,411,136,-836
4668,287,92,-721
4669,172,80,-698
4670,102,79,-761
4671,48,111,-840
4672,116,143,-1032
4673,225,144,-1026
4674,328,131,-976
4675,428,127,-888
4676,424,147,-748
4677,382,204,-684
4678,300,192,-735
4679,190,147,-797
4680,134,120,-775
4681,134,103,-785
4682,215,49,-925
4683,281,67,-991
4684,307,123,-941
4685,329,168,-884
4686,311,145,-845
4687,268,100,-829
4688,209,44,-821
4689,179,51,-828
4690,190,116,-860
4691,193,184,-901
4692,275,224,-992
4693,353,220,-1021
4694,350,143,-981
4695,353,153,-885
4696,330,105,-792
4697,284,103,-765
4698,248,80,-761
4699,209,100,-856
4700,209,100,-856
4701,217,116,-925
4702,252,124,-1020
4703,289,140,-973
4704,319,129,-953
4705,355,142,-904
4706,319,147,-802
4707,283,152,-781
4708,236,121,-829
4709,191,124,-840
4710,212,124,-892
4711,247,142,-986
4712,316,171,-989
4713,316,192,-908
4714,324,236,-828
4715,303,246,-759
4716,271,211,-784
4717,271,156,-848
4718,240,83,-881
4719,220,88,-906
4720,275,92,-961
4721,329,108,-991
4722,326,127,-977
4723,312,152,-900
4724,320,131,-921
4725,318,79,-938
4726,291,56,-888
4727,262,51,-815
4728,232,89,-784
4729,190,159,-770
4730,198,217,-801
4731,235,224,-884
4732,278,167,-922
4733,320,142,-904
4734,320,83,-944
4735,332,92,-935
4736,304,104,-864
4737,259,111,-783
4738,188,166,-740
4739,160,192,-794
4740,187,184,-879
4741,214,156,-964
4742,271,176,-948
4743,321,153,-932
4744,364,127,-889
4745,350,124,-818
4746,319,135,-753
4747,257,115,-791
4748,228,97,-858
4749,192,89,-921
4750,187,87,-983
4751,187,87,-983
4752,221,124,-927
4753,240,158,-845
4754,287,199,-790
4755,287,174,-749
4756,248,159,-737
4757,190,134,-740
4758,167,119,-783
4759,240,73,-872
4760,284,55,-936
4761,308,83,-961
4762,321,120,-919
4763,352,160,-921
4764,328,100,-897
4765,259,111,-817
4766,173,120,-759
4767,131,147,-765
4768,115,163,-825
4769,190,199,-929
4770,291,192,-977
4771,343,192,-989
4772,353,167,-962
4773,383,156,-934
4774,352,127,-895
4775,278,108,-857
4776,225,111,-818
4777,180,113,-815
4778,159,111,-868
4779,180,135,-869
4780,238,183,-921
4781,295,184,-900
4782,342,191,-919
4783,359,172,-877
4784,343,143,-821
4785,296,108,-816
4786,231,92,-839
4787,206,108,-852
4788,192,105,-872
4789,201,135,-888
4790,255,183,-868
4791,304,173,-852
4792,318,180,-852
4793,296,176,-855
4794,294,155,-877
4795,279,115,-962
4796,295,65,-980
4797,278,62,-897
4798,275,87,-858
4799,276,96,-802
4800,255,131,-770
4801,225,137,-761
4802,195,135,-816
4803,201,135,-849
4804,255,104,-921
4805,255,104,-921
4806,297,99,-953
4807,310,126,-953
4808,332,207,-921
4809,332,241,-877
4810,286,225,-881
4811,254,199,-849
4812,220,135,-815
4813,208,79,-832
4814,211,33,-832
4815,235,64,-871
4816,280,120,-868
4817,312,145,-877
4818,321,136,-896
4819,319,139,-912
4820,288,140,-877
4821,267,127,-872
4822,263,96,-885
4823,254,91,-895
4824,249,99,-887
4825,246,145,-884
4826,272,183,-877
4827,294,195,-838
4828,287,184,-809
4829,280,140,-813
4830,263,87,-831
4831,255,52,-861
4832,255,52,-910
4833,259,56,-919
4834,262,112,-889
4835,271,156,-858
4836,256,171,-848
4837,230,176,-829
4838,224,153,-801
4839,232,124,-829
4840,236,115,-858
4841,275,120,-897
4842,297,152,-911
4843,296,195,-938
4844,304,183,-916
4845,298,164,-889
4846,288,121,-853
4847,278,99,-844
4848,264,71,-852
4849,271,65,-868
4850,265,91,-884
4851,248,156,-877
4852,268,212,-904
4853,283,208,-872
4854,265,193,-856
4855,270,163,-869
4856,268,150,-856
4857,265,140,-868
4858,291,127,-903
4859,314,123,-929
4860,302,137,-920
4861,287,166,-897
4862,275,155,-861
4863,275,155,-861
4864,267,127,-850
4865,263,92,-800
4866,254,78,-820
4867,249,94,-836
4868,271,114,-849
4869,275,145,-868
4870,304,159,-877
4871,313,168,-873
4872,291,140,-858
4873,295,120,-857
4874,272,99,-864
4875,265,84,-906
4876,275,107,-897
4877,275,147,-888
4878,273,166,-881
4879,278,176,-863
4880,275,156,-831
4881,259,131,-829
4882,252,99,-824
4883,259,88,-857
4884,249,88,-884
4885,263,136,-904
4886,271,171,-925
4887,275,208,-925
4888,289,220,-882
4889,296,193,-849
4890,318,144,-853
4891,323,91,-850
4892,316,79,-842
4893,302,92,-833
4894,287,124,-834
4895,278,147,-845
4896,271,139,-818
4897,246,139,-825
4898,242,142,-808
4899,259,140,-849
4900,273,131,-897
4901,288,126,-911
4902,280,115,-912
4903,280,113,-911
4904,273,124,-888
4905,271,136,-857
4906,268,142,-829
4907,284,124,-842
4908,287,112,-852
4909,286,120,-868
4910,304,134,-875
4911,311,140,-897
4912,316,152,-901
4913,304,144,-877
4914,300,127,-850
4915,292,99,-847
4916,271,82,-863
4917,241,91,-849
4918,239,134,-841
4919,263,163,-888
4920,302,168,-909
4921,302,168,-909
4922,304,171,-861
4923,324,155,-857
4924,316,122,-845
4925,307,108,-831
4926,284,108,-817
4927,259,124,-848
4928,251,152,-879
4929,252,159,-896
4930,272,172,-905
4931,296,184,-885
4932,315,169,-871
4933,319,159,-839
4934,335,127,-817
4935,323,80,-845
4936,291,76,-848
4937,255,101,-833
4938,263,120,-869
4939,272,150,-920
4940,291,148,-905
4941,287,163,-877
4942,304,167,-848
4943,329,152,-824
4944,319,112,-832
4945,284,96,-841
4946,270,96,-848
4947,279,126,-901
4948,295,140,-948
4949,304,137,-937
4950,312,156,-911
4951,327,164,-884
4952,333,180,-829
4953,319,172,-793
4954,296,139,-823
4955,273,92,-848
4956,254,76,-848
4957,255,102,-861
4958,280,124,-895
4959,319,145,-925
4960,339,160,-916
4961,332,158,-877
4962,296,166,-823
4963,288,144,-829
4964,284,95,-825
4965,287,35,-852
4966,280,24,-893
4967,272,65,-905
4968,272,108,-924
4969,291,153,-884
4970,318,172,-865
4971,320,180,-864
4972,310,140,-863
4973,312,113,-877
4974,292,115,-872
4975,294,111,-881
4976,302,104,-927
4977,299,108,-924
4978,297,120,-840
4979,297,120,-840
4980,284,140,-793
4981,273,137,-816
4982,272,137,-817
4983,264,135,-848
4984,267,155,-857
4985,304,163,-914
4986,332,131,-985
4987,334,143,-975
4988,327,143,-933
4989,312,135,-857
4990,303,118,-833
4991,295,95,-807
4992,264,80,-781
4993,262,83,-781
4994,254,101,-823
4995,266,128,-929
4996,291,150,-952
4997,280,172,-928
4998,299,192,-905
4999,305,174,-850
5000,318,156,-797
5001,318,96,-781
5002,311,64,-801
5003,280,47,-847
5004,243,96,-858
5005,255,158,-915
5006,262,172,-936
5007,259,180,-944
5008,287,176,-905
5009,304,153,-850
5010,320,115,-807
5011,335,76,-823
5012,326,30,-890
5013,279,40,-925
5014,235,111,-920
5015,243,176,-896
5016,264,216,-890
5017,263,199,-833
5018,291,179,-765
5019,319,135,-772
5020,312,64,-808
5021,303,63,-866
5022,284,73,-914
5023,241,126,-929
5024,243,192,-936
5025,231,203,-897
5026,248,192,-817
5027,305,166,-792
5028,331,71,-788
5029,327,12,-833
5030,295,14,-881
5031,275,59,-914
5032,271,119,-961
5033,290,152,-993
5034,290,152,-993
5035,284,159,-953
5036,246,163,-852
5037,273,163,-765
5038,294,126,-722
5039,307,67,-738
5040,295,39,-791
5041,255,36,-833
5042,263,100,-946
5043,297,179,-999
5044,304,193,-991
5045,312,228,-929
5046,319,207,-849
5047,310,174,-793
5048,332,111,-769
5049,327,36,-813
5050,305,-9,-858
5051,243,3,-888
5052,236,83,-988
5053,215,176,-1000
5054,199,243,-928
5055,208,280,-832
5056,223,257,-776
5057,259,214,-708
5058,300,115,-666
5059,305,28,-720
5060,295,-18,-777
5061,303,24,-916
5062,295,60,-1005
5063,240,150,-1000
5064,228,263,-940
5065,278,328,-916
5066,310,252,-897
5067,318,182,-826
5068,332,72,-800
5069,328,-18,-817
5070,327,-32,-903
5071,313,-26,-978
5072,291,39,-1000
5073,215,123,-969
5074,212,231,-900
5075,227,287,-888
5076,248,280,-864
5077,265,244,-825
5078,300,163,-800
5079,319,87,-789
5080,320,33,-761
5081,320,33,-761
5082,299,49,-769
5083,272,76,-815
5084,248,129,-857
5085,236,163,-968
5086,231,161,-1053
5087,252,140,-1025
5088,257,120,-929
5089,278,129,-857
5090,304,135,-825
5091,337,103,-837
5092,336,68,-836
5093,316,38,-836
5094,288,38,-845
5095,252,48,-850
5096,231,92,-874
5097,235,112,-881
5098,240,172,-884
5099,262,192,-868
5100,265,203,-864
5101,275,203,-861
5102,275,192,-874
5103,274,159,-854
5104,268,134,-857
5105,271,112,-881
5106,265,105,-929
5107,263,129,-937
5108,263,143,-897
5109,265,176,-857
5110,267,167,-828
5111,280,172,-829
5112,287,143,-833
5113,295,115,-863
5114,307,94,-878
5115,307,99,-897
5116,284,119,-925
5117,268,127,-929
5118,246,161,-881
5119,231,175,-848
5120,240,191,-825
5121,255,184,-816
5122,287,153,-840
5123,299,127,-855
5124,296,112,-908
5125,272,108,-948
5126,240,143,-927
5127,221,159,-885
5128,217,172,-836
5129,227,174,-824
5130,240,179,-818
5131,260,175,-829
5132,280,140,-873
5133,287,131,-912
5134,281,115,-932
5135,267,121,-912
5136,251,151,-893
5137,247,149,-877
5138,247,149,-877
5139,248,160,-847
5140,259,156,-849
5141,278,143,-845
5142,287,135,-869
5143,291,116,-876
5144,271,113,-892
5145,251,116,-905
5146,241,155,-904
5147,236,174,-900
5148,241,172,-889
5149,243,166,-877
5150,248,154,-884
5151,255,158,-876
5152,244,167,-884
5153,240,167,-868
5154,243,168,-864
5155,260,151,-845
5156,260,140,-832
5157,259,131,-842
5158,255,135,-841
5159,248,138,-848
5160,231,147,-861
5161,214,166,-897
5162,223,183,-893
5163,222,195,-876
5164,251,188,-877
5165,262,192,-861
5166,278,169,-865
5167,284,143,-869
5168,271,134,-874
5169,255,118,-884
5170,240,110,-893
5171,231,127,-916
5172,230,147,-909
5173,238,176,-903
5174,240,207,-881
5175,248,216,-868
5176,271,204,-868
5177,273,168,-866
5178,251,130,-880
5179,231,115,-893
5180,225,120,-913
5181,232,132,-941
5182,252,147,-964
5183,271,163,-976
5184,260,172,-914
5185,248,175,-864
5186,242,171,-816
5187,227,167,-837
5188,227,163,-857
5189,207,150,-895
5190,247,136,-965
5191,252,120,-921
5192,254,124,-888
5193,252,126,-840
5194,278,108,-869
5195,281,76,-948
5196,281,76,-948
5197,241,67,-1032
5198,195,97,-1012
5199,160,118,-949
5200,131,139,-898
5201,140,159,-826
5202,164,161,-784
5203,200,136,-791
5204,211,123,-784
5205,224,108,-812
5206,272,76,-896
5207,276,35,-925
5208,247,44,-936
5209,243,60,-912
5210,236,70,-873
5211,207,110,-784
5212,209,140,-681
5213,207,179,-664
5214,232,180,-786
5215,240,153,-944
5216,263,115,-1068
5217,220,63,-1089
5218,188,47,-994
5219,167,54,-856
5220,172,75,-800
5221,179,118,-756
5222,211,124,-788
5223,230,124,-800
5224,252,126,-865
5225,281,96,-978
5226,281,60,-1074
5227,247,33,-1076
5228,207,19,-957
5229,172,39,-842
5230,172,71,-778
5231,187,88,-791
5232,230,99,-801
5233,254,91,-791
5234,271,92,-802
5235,280,108,-858
5236,291,96,-960
5237,271,79,-977
5238,224,51,-929
5239,182,52,-893
5240,172,75,-876
5241,185,108,-869
5242,192,124,-831
5243,211,143,-807
5244,243,159,-804
5245,259,159,-855
5246,291,134,-938
5247,283,112,-985
5248,283,112,-985
5249,264,100,-964
5250,227,96,-889
5251,223,84,-856
5252,231,56,-848
5253,268,25,-847
5254,275,-18,-832
5255,265,-23,-848
5256,275,0,-927
5257,264,28,-960
5258,235,47,-962
5259,191,89,-916
5260,163,124,-849
5261,176,147,-856
5262,198,141,-857
5263,224,143,-848
5264,239,145,-865
5265,248,134,-890
5266,259,108,-919
5267,255,95,-925
5268,243,96,-928
5269,220,103,-929
5270,219,99,-904
5271,236,84,-889
5272,248,76,-834
5273,263,79,-840
5274,271,59,-846
5275,280,36,-904
5276,249,23,-925
5277,211,24,-900
5278,195,50,-872
5279,191,73,-888
5280,215,112,-864
5281,232,120,-833
5282,244,140,-816
5283,260,143,-872
5284,259,131,-934
5285,240,112,-994
5286,208,105,-965
5287,176,97,-897
5288,184,112,-881
5289,215,87,-871
5290,236,48,-861
5291,255,44,-820
5292,264,67,-823
5293,283,87,-848
5294,284,103,-897
5295,273,96,-916
5296,240,94,-937
5297,204,96,-929
5298,217,108,-898
5299,224,63,-885
5300,232,54,-856
5301,240,44,-845
5302,248,60,-833
5303,260,89,-858
5304,268,119,-897
5305,268,119,-897
5306,259,121,-945
5307,207,124,-945
5308,184,135,-888
5309,190,136,-852
5310,219,112,-849
5311,246,86,-849
5312,263,60,-861
5313,294,75,-881
5314,284,73,-901
5315,275,92,-909
5316,251,95,-861
5317,241,102,-858
5318,236,103,-873
5319,243,88,-873
5320,238,82,-881
5321,233,79,-929
5322,247,75,-927
5323,243,71,-916
5324,248,80,-912
5325,236,78,-884
5326,239,96,-864
5327,234,105,-852
5328,230,113,-861
5329,211,120,-868
5330,216,118,-889
5331,230,91,-912
5332,259,68,-944
5333,243,60,-924
5334,241,79,-872
5335,243,88,-844
5336,252,94,-836
5337,249,107,-845
5338,252,111,-866
5339,248,112,-882
5340,248,97,-920
5341,252,71,-947
5342,248,65,-946
5343,227,87,-904
5344,219,107,-890
5345,224,103,-877
5346,239,113,-852
5347,240,96,-824
5348,243,88,-834
5349,232,83,-868
5350,240,73,-925
5351,240,76,-948
5352,217,88,-912
5353,216,120,-861
5354,231,118,-857
5355,248,124,-860
5356,271,110,-869
5357,264,83,-853
5358,271,63,-896
5359,273,63,-945
5360,271,39,-922
5361,231,67,-884
5362,217,104,-853
5363,217,104,-853
5364,223,119,-841
5365,225,127,-850
5366,222,135,-873
5367,211,131,-909
5368,226,127,-909
5369,240,87,-912
5370,248,72,-912
5371,255,55,-888
5372,254,62,-848
5373,257,75,-856
5374,257,84,-841
5375,236,105,-836
5376,224,112,-845
5377,214,119,-876
5378,235,108,-925
5379,255,80,-952
5380,252,63,-930
5381,239,75,-881
5382,243,79,-867
5383,265,89,-872
5384,264,92,-855
5385,248,97,-836
5386,232,105,-887
5387,225,100,-917
5388,223,98,-938
5389,236,73,-900
5390,227,65,-877
5391,236,83,-853
5392,252,79,-848
5393,272,96,-865
5394,249,96,-866
5395,240,99,-921
5396,240,104,-930
5397,238,88,-932
5398,227,62,-905
5399,224,60,-853
5400,231,71,-849
5401,254,73,-840
5402,271,79,-850
5403,256,83,-859
5404,243,100,-881
5405,255,99,-943
5406,254,103,-948
5407,239,85,-913
5408,216,88,-869
5409,227,95,-872
5410,249,95,-881
5411,252,72,-863
5412,248,71,-831
5413,244,92,-815
5414,248,99,-855
5415,259,103,-895
5416,248,108,-944
5417,238,97,-964
5418,220,92,-927
5419,208,112,-887
5420,231,107,-865
5421,231,107,-865
5422,271,68,-861
5423,275,39,-857
5424,263,44,-840
5425,243,59,-865
5426,240,92,-911
5427,244,99,-916
5428,231,88,-938
5429,211,100,-902
5430,215,108,-868
5431,246,89,-861
5432,255,68,-864
5433,264,56,-865
5434,251,56,-856
5435,248,76,-881
5436,252,94,-906
5437,251,102,-953
5438,239,96,-941
5439,231,76,-892
5440,233,83,-858
5441,259,71,-857
5442,268,60,-864
5443,262,72,-844
5444,254,88,-842
5445,246,102,-863
5446,239,108,-914
5447,240,116,-960
5448,230,92,-943
5449,216,86,-893
5450,224,78,-865
5451,235,83,-859
5452,262,72,-868
5453,253,48,-860
5454,246,71,-863
5455,233,92,-888
5456,241,112,-944
5457,228,88,-936
5458,222,86,-893
5459,236,89,-866
5460,251,78,-847
5461,275,89,-858
5462,284,76,-858
5463,265,79,-865
5464,255,94,-912
5465,240,100,-944
5466,239,92,-953
5467,220,92,-925
5468,217,68,-877
5469,228,64,-852
5470,254,70,-857
5471,263,71,-842
5472,259,78,-829
5473,259,81,-820
5474,252,102,-868
5475,254,105,-928
5476,231,86,-945
5477,214,88,-938
5478,199,86,-889
5479,199,86,-889
5480,223,71,-874
5481,252,65,-880
5482,274,59,-862
5483,274,65,-861
5484,275,87,-864
5485,265,92,-879
5486,240,87,-927
5487,216,79,-933
5488,209,71,-935
5489,214,73,-881
5490,222,79,-855
5491,254,81,-849
5492,268,72,-844
5493,271,71,-845
5494,263,89,-852
5495,244,103,-904
5496,235,103,-936
5497,227,87,-948
5498,209,63,-927
5499,207,64,-880
5500,216,79,-872
5501,244,88,-873
5502,259,70,-852
5503,271,67,-825
5504,271,66,-820
5505,263,64,-898
5506,255,66,-941
5507,236,71,-954
5508,200,87,-922
5509,188,96,-873
5510,224,89,-873
5511,260,80,-858
5512,280,57,-853
5513,287,56,-856
5514,265,63,-849
5515,247,88,-910
5516,233,95,-945
5517,223,87,-965
5518,219,64,-919
5519,206,56,-897
5520,216,63,-868
5521,249,55,-851
5522,255,41,-841
5523,267,39,-844
5524,267,63,-833
5525,248,64,-868
5526,239,80,-935
5527,224,83,-969
5528,208,75,-914
5529,208,56,-877
5530,239,51,-855
5531,279,60,-857
5532,287,56,-865
5533,284,63,-873
5534,272,67,-906
5535,240,59,-924
5536,215,63,-936
5537,215,63,-936
5538,201,48,-937
5539,191,40,-884
5540,216,67,-873
5541,252,67,-856
5542,264,63,-859
5543,268,86,-841
5544,263,79,-850
5545,255,76,-915
5546,244,76,-953
5547,222,56,-961
5548,176,38,-892
5549,179,47,-847
5550,219,35,-841
5551,262,32,-852
5552,279,24,-834
5553,276,54,-831
5554,256,71,-851
5555,263,87,-904
5556,265,95,-960
5557,222,89,-971
5558,196,65,-929
5559,191,52,-889
5560,217,47,-861
5561,255,32,-852
5562,271,31,-845
5563,275,47,-845
5564,271,68,-856
5565,255,81,-882
5566,248,88,-931
5567,220,62,-948
5568,204,44,-916
5569,208,40,-881
5570,231,48,-872
5571,263,33,-857
5572,280,39,-841
5573,279,54,-820
5574,265,67,-833
5575,248,79,-860
5576,239,79,-933
5577,216,75,-948
5578,204,47,-961
5579,204,35,-912
5580,215,41,-864
5581,254,38,-865
5582,275,47,-849
5583,280,43,-848
5584,264,51,-844
5585,238,64,-889
5586,227,88,-932
5587,211,76,-928
5588,206,63,-929
5589,209,48,-900
5590,231,54,-897
5591,248,41,-862
5592,271,38,-846
5593,273,39,-850
5594,263,51,-871
5595,263,51,-871
5596,252,49,-936
5597,240,56,-948
5598,220,33,-925
5599,204,46,-884
5600,206,64,-873
5601,237,67,-864
5602,271,56,-871
5603,254,67,-850
5604,260,63,-852
5605,263,56,-892
5606,257,54,-925
5607,236,39,-935
5608,214,42,-913
5609,207,50,-868
5610,230,63,-847
5611,255,62,-846
5612,265,48,-857
5613,275,51,-859
5614,268,48,-856
5615,255,52,-913
5616,248,54,-945
5617,236,59,-954
5618,228,44,-913
5619,211,38,-869
5620,238,46,-849
5621,259,51,-844
5622,265,57,-834
5623,278,63,-829
5624,263,81,-847
5625,275,97,-913
5626,252,94,-948
5627,246,79,-972
5628,212,56,-921
5629,200,57,-881
5630,216,55,-842
5631,259,48,-842
5632,275,47,-848
5633,272,35,-845
5634,252,56,-860
5635,247,62,-913
5636,217,67,-946
5637,212,60,-933
5638,207,51,-881
5639,217,60,-877
5640,243,55,-861
5641,267,51,-872
5642,286,49,-865
5643,286,54,-889
5644,280,60,-913
5645,244,56,-928
5646,223,63,-922
5647,209,65,-897
5648,211,48,-852
5649,220,59,-855
5650,231,63,-861
5651,240,76,-865
5652,247,68,-884
5653,247,68,-884
5654,240,73,-888
5655,248,73,-916
5656,240,48,-917
5657,235,47,-926
5658,227,38,-897
5659,222,55,-857
5660,246,60,-837
5661,262,51,-845
5662,275,51,-856
5663,262,68,-871
5664,248,76,-874
5665,246,79,-916
5666,236,80,-930
5667,224,61,-945
5668,225,55,-911
5669,224,48,-896
5670,232,48,-871
5671,251,46,-865
5672,264,48,-848
5673,262,64,-852
5674,263,65,-881
5675,236,67,-890
5676,216,63,-909
5677,214,63,-917
5678,214,65,-920
5679,228,39,-907
5680,244,33,-868
5681,268,35,-859
5682,284,31,-858
5683,271,37,-873
5684,268,56,-890
5685,249,75,-905
5686,217,64,-925
5687,211,71,-920
5688,215,63,-905
5689,214,60,-873
5690,239,59,-839
5691,263,46,-841
5692,275,35,-840
5693,275,43,-844
5694,255,49,-865
5695,255,76,-919
5696,248,72,-945
5697,223,71,-951
5698,207,72,-929
5699,207,60,-906
5700,227,56,-881
5701,259,19,-863
5702,279,17,-869
5703,279,19,-864
5704,248,47,-872
5705,231,68,-921
5706,228,76,-948
5707,219,79,-933
5708,207,62,-893
5709,217,64,-872
5710,251,49,-881
